{"stats":{"minecraft:custom":{"minecraft:interact_with_crafting_table":136,"minecraft:open_barrel":4,"minecraft:open_shulker_box":1,"minecraft:bell_ring":8,"minecraft:eat_cake_slice":2,"minecraft:leave_game":24,"minecraft:time_since_death":6384,"minecraft:sprint_one_cm":2122489,"minecraft:damage_blocked_by_shield":1090,"minecraft:drop":152,"minecraft:talked_to_villager":166,"minecraft:play_time":1010333,"minecraft:deaths":39,"minecraft:interact_with_brewingstand":11,"minecraft:jump":15141,"minecraft:walk_on_water_one_cm":158617,"minecraft:enchant_item":3,"minecraft:interact_with_furnace":154,"minecraft:traded_with_villager":58,"minecraft:interact_with_loom":2,"minecraft:sleep_in_bed":13,"minecraft:waystone_activated":4,"minecraft:open_enderchest":1,"minecraft:damage_dealt":34708,"minecraft:player_kills":7,"minecraft:crouch_one_cm":416182,"minecraft:interact_with_smoker":2,"minecraft:interact_with_smithing_table":1,"minecraft:interact_with_anvil":11,"minecraft:mob_kills":234,"minecraft:inspect_hopper":1,"minecraft:climb_one_cm":4028,"minecraft:walk_one_cm":2426868,"minecraft:sneak_time":103548,"minecraft:walk_under_water_one_cm":148332,"minecraft:boat_one_cm":192876,"minecraft:interact_with_blast_furnace":3,"minecraft:total_world_time":1010333,"minecraft:interact_with_stonecutter":28,"minecraft:interact_with_grindstone":1,"minecraft:time_since_rest":6426,"minecraft:damage_absorbed":121,"minecraft:damage_taken":30277,"minecraft:trigger_trapped_chest":4,"minecraft:swim_one_cm":149859,"minecraft:fly_one_cm":3294583,"minecraft:open_chest":705,"minecraft:aviate_one_cm":72100,"minecraft:fall_one_cm":521859},"minecraft:killed":{"minecraft:cave_spider":1,"minecraft:zombified_piglin":1,"alexsmobs:cosmic_cod":1,"minecraft:spider":5,"alexsmobs:enderiophage":1,"minecraft:shulker":5,"minecraft:skeleton":25,"cataclysm:endermaptera":4,"alexsmobs:straddler":1,"minecraft:magma_cube":7,"minecraft:pig":8,"minecraft:creeper":9,"alexsmobs:endergrade":1,"minecraft:sheep":3,"minecraft:zombie":38,"alexsmobs:terrapin":2,"alexsmobs:fly":1,"minecraft:blaze":10,"minecraft:cow":8,"alexsmobs:raccoon":1,"alexsmobs:cosmaw":1,"minecraft:phantom":3,"cataclysm:koboleton":4,"minecraft:wither_skeleton":3,"minecraft:villager":2,"minecraft:enderman":82},"minecraft:broken":{"minecraft:iron_shovel":1,"minecraft:stone_pickaxe":1,"minecraft:iron_pickaxe":10},"minecraft:killed_by":{"minecraft:creeper":1,"alexsmobs:straddler":1,"cataclysm:ender_guardian":10,"minecraft:player":2,"minecraft:enderman":1,"minecraft:shulker":1,"alexsmobs:mimicube":1,"cataclysm:ancient_remnant":4},"minecraft:mined":{"minecraft:cut_sandstone_slab":24,"minecraft:white_bed":2,"minecraft:farmland":4,"minecraft:obsidian":9,"cataclysm:sandstone_ignite_trap":7,"minecraft:granite":1,"minecraft:red_sand":238,"minecraft:acacia_log":6,"minecraft:grass_block":1527,"minecraft:cracked_polished_blackstone_bricks":1,"minecraft:deepslate_bricks":265,"minecraft:frosted_ice":1,"minecraft:composter":1,"minecraft:hopper":9,"minecraft:spawner":2,"minecraft:sandstone_stairs":5,"cataclysm:sandstone_poison_dart_trap":6,"minecraft:polished_blackstone_bricks":2,"minecraft:tall_seagrass":1,"minecraft:magma_block":5,"minecraft:iron_ore":207,"minecraft:fire":10,"minecraft:cobbled_deepslate":3,"minecraft:pumpkin":3,"minecraft:deepslate_lapis_ore":1,"minecraft:twisting_vines":3,"minecraft:dirt_path":1,"minecraft:deepslate_brick_stairs":17,"minecraft:smooth_sandstone_stairs":1,"minecraft:end_stone_bricks":22,"cataclysm:void_stone":2,"minecraft:tripwire":13,"minecraft:deepslate_redstone_ore":10,"minecraft:sandstone_slab":1,"minecraft:cut_sandstone":123,"cataclysm:void_infused_end_stone_bricks":6,"minecraft:quartz_block":52,"minecraft:purpur_stairs":1,"minecraft:blackstone":2,"minecraft:kelp_plant":1,"minecraft:twisting_vines_plant":1,"minecraft:amethyst_cluster":1,"minecraft:deepslate_tile_slab":4,"minecraft:clay":68,"minecraft:torch":16,"minecraft:chest":10,"minecraft:glass":17,"minecraft:cobblestone":66,"minecraft:nether_quartz_ore":64,"minecraft:oak_planks":12,"cozy_home:warped_grandfather_clock":29,"cataclysm:obsidian_bricks":1,"minecraft:sugar_cane":262,"minecraft:wall_torch":6,"minecraft:warped_nylium":11,"minecraft:mud":2,"minecraft:birch_log":3,"minecraft:wheat":53,"minecraft:purpur_block":7,"minecraft:stone_brick_stairs":1,"minecraft:grass":70,"minecraft:oak_log":49,"minecraft:beetroots":3,"minecraft:sand":264,"minecraft:dirt":1792,"minecraft:tripwire_hook":1,"minecraft:cut_red_sandstone":3,"minecraft:piston":1,"minecraft:netherrack":228,"minecraft:oak_leaves":21,"minecraft:deepslate":427,"minecraft:diamond_ore":2,"minecraft:nether_gold_ore":11,"alexscaves:spelunkery_table":3,"minecraft:tuff":5,"minecraft:deepslate_diamond_ore":50,"minecraft:oak_door":2,"minecraft:end_stone":40,"minecraft:glow_lichen":1,"minecraft:nether_bricks":129,"minecraft:decorated_pot":1,"handcrafted:sandstone_pillar_trim":27,"minecraft:redstone_wire":1,"minecraft:spruce_leaves":4,"minecraft:sandstone":1304,"minecraft:hay_block":1,"minecraft:oak_trapdoor":4,"minecraft:furnace":4,"minecraft:carrots":111,"minecraft:nether_sprouts":1,"minecraft:red_sandstone":21,"minecraft:chiseled_sandstone":38,"minecraft:andesite":266,"minecraft:gold_block":4,"minecraft:potatoes":44,"farmersdelight:rope":3,"minecraft:shroomlight":1,"minecraft:deepslate_iron_ore":78,"minecraft:warped_stem":1,"minecraft:lantern":4,"minecraft:stripped_oak_log":2,"minecraft:chorus_plant":8,"minecraft:stone":1125,"minecraft:ender_chest":1,"minecraft:smithing_table":1,"minecraft:glass_pane":37,"minecraft:magenta_stained_glass":2,"minecraft:basalt":6,"minecraft:observer":18,"minecraft:warped_fence":2,"minecraft:oak_fence":1,"minecraft:smooth_sandstone":21,"minecraft:crafting_table":9,"minecraft:emerald_ore":4,"minecraft:warped_roots":5,"minecraft:lectern":69,"minecraft:purpur_pillar":5,"minecraft:copper_ore":5,"minecraft:tall_grass":3,"minecraft:lapis_ore":12,"minecraft:deepslate_gold_ore":81,"minecraft:polished_blackstone_brick_stairs":1,"minecraft:diorite":115,"minecraft:birch_planks":2,"minecraft:end_stone_brick_stairs":1,"cataclysm:purpur_void_rune_trap_block":5,"minecraft:birch_leaves":3,"minecraft:coal_ore":110,"cataclysm:sandstone_falling_trap":41,"minecraft:end_rod":2,"minecraft:gravel":22,"minecraft:cobweb":53,"minecraft:gold_ore":24,"minecraft:iron_trapdoor":2,"minecraft:warped_slab":5},"minecraft:used":{"minecraft:beetroot":3,"minecraft:iron_shovel":250,"minecraft:elytra":1,"minecraft:shield":34,"minecraft:chest":22,"minecraft:iron_sword":603,"minecraft:zombie_spawn_egg":1,"minecraft:iron_chestplate":1,"minecraft:nether_bricks":94,"minecraft:carrot":363,"minecraft:milk_bucket":1,"minecraft:glass":69,"minecraft:lantern":6,"minecraft:quartz_block":178,"minecraft:iron_helmet":1,"minecraft:magma_block":2,"minecraft:bow":1,"minecraft:oak_sapling":1,"minecraft:furnace":7,"minecraft:beetroot_seeds":5,"minecraft:egg":18,"minecraft:potato":63,"minecraft:end_rod":1,"minecraft:diamond_boots":6,"minecraft:end_stone_bricks":1,"minecraft:stone_pickaxe":177,"minecraft:ender_pearl":20,"minecraft:chorus_fruit":28,"minecraft:wooden_pickaxe":19,"minecraft:sandstone":156,"minecraft:sugar_cane":40,"minecraft:diamond_axe":125,"minecraft:composter":1,"minecraft:purpur_pillar":5,"minecraft:golden_apple":3,"minecraft:purpur_stairs":1,"minecraft:sand":49,"minecraft:cut_sandstone_slab":464,"minecraft:crossbow":4,"minecraft:end_stone":4,"minecraft:deepslate_brick_stairs":25,"waystones:waystone":1,"alexsmobs:cosmic_cod":1,"minecraft:red_sandstone":23,"minecraft:chiseled_sandstone":152,"minecraft:bread":12,"minecraft:warped_slab":11,"minecraft:lectern":67,"minecraft:cut_red_sandstone":24,"minecraft:diamond_sword":13,"minecraft:andesite":8,"minecraft:oak_boat":1,"minecraft:bone_meal":4,"minecraft:oak_fence":1,"minecraft:experience_bottle":2,"minecraft:oak_trapdoor":4,"minecraft:stone_sword":57,"minecraft:flint_and_steel":27,"minecraft:redstone":16,"cataclysm:sandstone_ignite_trap":2,"minecraft:netherrack":204,"minecraft:oak_door":4,"minecraft:torch":32,"minecraft:dirt":2049,"alexsmobs:maraca":165,"minecraft:anvil":1,"minecraft:wheat":3,"minecraft:hopper":28,"minecraft:twisting_vines":1,"minecraft:diamond_helmet":1,"cataclysm:sandstone_falling_trap":5,"farmersdelight:rope":3,"minecraft:shroomlight":1,"minecraft:smooth_sandstone":9,"minecraft:warped_fence":4,"minecraft:iron_boots":1,"minecraft:diamond_chestplate":5,"minecraft:basalt":3,"minecraft:golden_carrot":49,"minecraft:goat_horn":7,"minecraft:netherite_pickaxe":40,"minecraft:cooked_beef":19,"minecraft:cobbled_deepslate":90,"minecraft:observer":34,"minecraft:iron_leggings":2,"minecraft:wheat_seeds":108,"minecraft:water_bucket":291,"minecraft:sandstone_stairs":20,"minecraft:birch_planks":2,"minecraft:glass_bottle":3,"minecraft:baked_potato":54,"cataclysm:khopesh":11,"minecraft:birch_boat":2,"minecraft:cut_sandstone":750,"minecraft:stonecutter":1,"minecraft:deepslate_bricks":495,"minecraft:polished_blackstone_bricks":1,"minecraft:rail":1,"minecraft:crafting_table":13,"minecraft:white_bed":2,"minecraft:mud":18,"minecraft:piston":18,"minecraft:wooden_hoe":28,"minecraft:diamond_pickaxe":2243,"minecraft:diamond_shovel":3641,"minecraft:oak_button":1,"minecraft:iron_pickaxe":2760,"minecraft:stone_axe":58,"minecraft:cobblestone":373,"minecraft:bucket":292,"minecraft:sandstone_slab":4,"alexsmobs:centipede_leggings":1,"minecraft:glass_pane":37,"alexsmobs:animal_dictionary":7,"minecraft:diamond_leggings":2,"handcrafted:sandstone_pillar_trim":103},"minecraft:crafted":{"minecraft:oak_planks":192,"minecraft:cut_sandstone":1,"minecraft:cut_sandstone_slab":192,"minecraft:blaze_powder":12,"minecraft:birch_boat":1,"usefulbackpacks:backpack_small":1,"minecraft:red_sandstone":51,"minecraft:stone":3,"minecraft:diamond_shovel":3,"minecraft:cooked_mutton":6,"minecraft:deepslate_brick_stairs":8,"minecraft:glass":141,"minecraft:hopper":19,"minecraft:diamond_helmet":1,"minecraft:diamond_leggings":1,"minecraft:iron_boots":1,"minecraft:chest":30,"minecraft:oak_button":1,"handcrafted:sandstone_pillar_trim":120,"minecraft:glass_bottle":3,"minecraft:emerald":55,"minecraft:cooked_porkchop":19,"minecraft:diamond_axe":1,"minecraft:crafting_table":4,"minecraft:iron_helmet":2,"minecraft:wooden_pickaxe":1,"minecraft:baked_potato":48,"minecraft:pumpkin_seeds":12,"minecraft:birch_planks":12,"minecraft:iron_chestplate":1,"minecraft:book":4,"minecraft:wooden_hoe":1,"minecraft:paper":384,"minecraft:diamond_pickaxe":1,"minecraft:shield":1,"minecraft:stick":52,"minecraft:iron_ingot":274,"minecraft:iron_pickaxe":11,"minecraft:iron_block":3,"minecraft:stone_sword":1,"minecraft:gold_ingot":143,"minecraft:sandstone":8,"minecraft:sandstone_stairs":16,"minecraft:golden_carrot":67,"minecraft:oak_door":3,"minecraft:iron_nugget":18,"minecraft:furnace":3,"minecraft:piston":16,"minecraft:glass_pane":208,"minecraft:warped_fence":3,"minecraft:lantern":2,"minecraft:stone_pickaxe":2,"usefulbackpacks:backpack_medium":1,"minecraft:observer":16,"minecraft:cooked_beef":18,"minecraft:sugar":2,"minecraft:iron_sword":1,"minecraft:sandstone_slab":30,"minecraft:bucket":1,"minecraft:stone_axe":1,"minecraft:enchanted_book":3,"minecraft:air":0,"minecraft:bread":3,"minecraft:oak_boat":1,"minecraft:white_wool":9,"minecraft:gold_nugget":504,"minecraft:fermented_spider_eye":1,"minecraft:anvil":1,"minecraft:iron_shovel":1,"minecraft:iron_leggings":2,"minecraft:stonecutter":1,"minecraft:white_bed":1,"minecraft:cut_red_sandstone":28,"minecraft:torch":8,"minecraft:diamond_chestplate":1},"minecraft:dropped":{"minecraft:iron_sword":3,"minecraft:birch_planks":3,"minecraft:ender_pearl":1,"minecraft:crossbow":1,"minecraft:elytra":1,"minecraft:rail":1,"minecraft:red_mushroom":18,"minecraft:flint":2,"minecraft:dirt":171,"minecraft:brush":1,"alexsmobs:skelewag_sword":1,"cataclysm:sandstorm_in_a_bottle":2,"minecraft:cut_sandstone":1,"minecraft:gold_nugget":12,"minecraft:amethyst_shard":6,"minecraft:sand":39,"alexsmobs:tendon_whip":1,"alexsmobs:raccoon_tail":1,"cozy_home:warped_grandfather_clock":7,"minecraft:danger_pottery_sherd":1,"minecraft:bone":1,"minecraft:oak_door":3,"minecraft:gravel":3,"usefulbackpacks:backpack_large":1,"minecraft:sugar_cane":1,"minecraft:iron_nugget":7,"alexsmobs:animal_dictionary":1,"minecraft:cobbled_deepslate":11,"minecraft:rotten_flesh":25,"minecraft:oak_planks":3,"minecraft:diamond_shovel":2,"minecraft:azure_bluet":1,"minecraft:carrot":1,"minecraft:gunpowder":10,"cataclysm:gauntlet_of_guard":1,"minecraft:music_disc_mall":1,"minecraft:arms_up_pottery_sherd":1,"minecraft:snort_pottery_sherd":1,"minecraft:basalt":3,"minecraft:arrow":61,"minecraft:netherrack":1,"minecraft:wheat_seeds":11,"minecraft:mourner_pottery_sherd":1,"alexsmobs:unsettling_kimono":1,"minecraft:poisonous_potato":1,"minecraft:oak_fence":2,"minecraft:cobblestone":305,"minecraft:acacia_log":6,"minecraft:stick":11,"minecraft:coal":11,"alexsmobs:maraca":1,"minecraft:diorite":16,"minecraft:torch":2,"minecraft:wooden_hoe":1,"waystones:return_scroll":1,"alexsmobs:centipede_leggings":3,"minecraft:string":5,"minecraft:smooth_sandstone":2,"cataclysm:khopesh":1,"minecraft:stone_sword":1,"minecraft:light_gray_wool":1,"minecraft:iron_boots":3,"minecraft:iron_hoe":1,"minecraft:stripped_oak_log":2,"minecraft:pumpkin_seeds":6,"alexsmobs:cooked_kangaroo_meat":1,"minecraft:deepslate_bricks":40,"minecraft:filled_map":1,"minecraft:diamond_sword":2,"minecraft:potato":1,"minecraft:diamond_chestplate":2,"minecraft:andesite":29,"minecraft:warped_fence":4,"minecraft:spider_eye":14,"minecraft:stone_pickaxe":2,"minecraft:wooden_pickaxe":1,"minecraft:magma_block":2,"alexsmobs:mosquito_larva":2},"minecraft:picked_up":{"minecraft:shulker_shell":4,"alexsmobs:cosmic_cod":4,"minecraft:iron_chestplate":1,"minecraft:wheat":34,"alexsmobs:maraca":1,"minecraft:ender_chest":2,"minecraft:iron_trapdoor":2,"handcrafted:sandstone_pillar_trim":27,"minecraft:smithing_table":1,"minecraft:diamond_sword":10,"minecraft:polished_blackstone_brick_stairs":4,"minecraft:string":104,"minecraft:raw_copper":18,"minecraft:iron_leggings":2,"minecraft:shroomlight":5,"minecraft:beetroot":3,"minecraft:diamond_leggings":10,"minecraft:red_sand":210,"minecraft:gold_nugget":211,"minecraft:cobbled_deepslate":410,"waystones:return_scroll":2,"minecraft:warped_slab":5,"minecraft:iron_pickaxe":5,"cataclysm:khopesh":3,"alexsmobs:raccoon_tail":1,"minecraft:iron_boots":3,"minecraft:furnace":4,"minecraft:stick":12,"minecraft:composter":1,"minecraft:purpur_pillar":7,"minecraft:oak_fence":3,"minecraft:torch":40,"minecraft:acacia_log":6,"minecraft:porkchop":19,"minecraft:cherry_log":64,"cataclysm:void_infused_end_stone_bricks":5,"minecraft:diorite":108,"alexsmobs:tendon_whip":2,"minecraft:quartz_block":51,"minecraft:rotten_flesh":47,"cataclysm:void_stone":4,"alexsmobs:capsid":1,"minecraft:end_rod":1,"farmersdelight:rope":3,"minecraft:blaze_rod":8,"minecraft:deepslate_brick_stairs":17,"minecraft:obsidian":12,"minecraft:blaze_powder":32,"minecraft:cobblestone":1379,"minecraft:birch_log":3,"minecraft:magma_block":4,"minecraft:dune_armor_trim_smithing_template":6,"minecraft:cooked_beef":23,"minecraft:magma_cream":6,"minecraft:repeater":8,"minecraft:water_bucket":13,"minecraft:andesite":243,"minecraft:potato":138,"minecraft:flint":2,"minecraft:tuff":1,"minecraft:smooth_sandstone_stairs":3,"minecraft:danger_pottery_sherd":1,"alexsmobs:cooked_kangaroo_meat":2,"alexsmobs:mosquito_larva":4,"cataclysm:gauntlet_of_guard":4,"minecraft:lapis_lazuli":121,"minecraft:dirt":3532,"minecraft:cut_sandstone_slab":34,"minecraft:lantern":4,"minecraft:twisting_vines":5,"cataclysm:koboleton_bone":7,"minecraft:bone":51,"minecraft:bow":1,"minecraft:wheat_seeds":145,"minecraft:raw_gold":105,"cataclysm:purpur_void_rune_trap_block":5,"minecraft:diamond_helmet":8,"minecraft:oak_planks":210,"minecraft:poisonous_potato":2,"minecraft:sand":330,"minecraft:chiseled_sandstone":43,"alexsmobs:animal_dictionary":3,"minecraft:iron_hoe":1,"minecraft:diamond":69,"waystones:waystone":3,"cataclysm:sandstone_falling_trap":162,"minecraft:cracked_polished_blackstone_bricks":4,"alexsmobs:rattlesnake_rattle":3,"minecraft:crossbow":2,"minecraft:granite":1,"minecraft:bone_meal":4,"minecraft:golden_apple":10,"minecraft:emerald":133,"minecraft:bread":56,"cataclysm:sandstone_ignite_trap":23,"minecraft:oak_sapling":1,"minecraft:netherrack":270,"minecraft:chorus_fruit":210,"minecraft:diamond_pickaxe":11,"minecraft:end_stone_bricks":26,"minecraft:mud":177,"minecraft:crafting_table":9,"minecraft:end_stone_brick_stairs":2,"minecraft:sandstone_slab":1,"minecraft:azure_bluet":1,"minecraft:nether_wart":12,"minecraft:clay_ball":268,"minecraft:mourner_pottery_sherd":1,"minecraft:gold_block":4,"usefulbackpacks:backpack_medium":1,"minecraft:diamond_horse_armor":1,"minecraft:purpur_block":12,"minecraft:shield":9,"farmersdelight:diamond_knife":1,"minecraft:elytra":1,"minecraft:oak_trapdoor":4,"minecraft:flint_and_steel":2,"minecraft:iron_shovel":1,"minecraft:warped_fence":6,"minecraft:blackstone":1,"minecraft:beef":20,"minecraft:oak_boat":5,"minecraft:observer":18,"minecraft:light_gray_wool":1,"minecraft:lectern":79,"minecraft:sugar_cane":483,"minecraft:chest":27,"alexsmobs:skelewag_sword":1,"minecraft:piston":2,"minecraft:phantom_membrane":1,"minecraft:diamond_hoe":1,"minecraft:egg":18,"minecraft:raw_iron":283,"minecraft:sandstone":1266,"minecraft:end_stone":50,"minecraft:oak_door":4,"minecraft:polished_blackstone_bricks":1,"minecraft:carrot":394,"minecraft:redstone":192,"minecraft:netherite_pickaxe":1,"minecraft:iron_horse_armor":6,"minecraft:dark_oak_planks":69,"minecraft:arrow":161,"minecraft:diamond_chestplate":14,"minecraft:beetroot_seeds":5,"minecraft:nether_bricks":149,"minecraft:deepslate_bricks":298,"minecraft:diamond_boots":21,"minecraft:sandstone_stairs":5,"alexscaves:spelunkery_table":3,"minecraft:saddle":6,"minecraft:gold_ingot":71,"minecraft:mutton":6,"minecraft:white_wool":11,"minecraft:rail":2,"minecraft:stripped_oak_log":2,"minecraft:basalt":9,"minecraft:golden_carrot":248,"minecraft:tripwire_hook":4,"minecraft:cut_sandstone":119,"minecraft:leather":14,"minecraft:red_mushroom":36,"minecraft:birch_planks":2,"cataclysm:void_jaw":6,"minecraft:purpur_stairs":1,"minecraft:oak_log":48,"minecraft:gunpowder":21,"minecraft:deepslate_tile_slab":4,"minecraft:paper":14,"alexsmobs:unsettling_kimono":1,"minecraft:smooth_sandstone":24,"minecraft:kelp":1,"minecraft:red_sandstone":15,"minecraft:warped_stem":5,"cataclysm:sandstorm_in_a_bottle":13,"minecraft:iron_ingot":199,"minecraft:stone_pickaxe":1,"minecraft:magenta_stained_glass":4,"minecraft:arms_up_pottery_sherd":1,"minecraft:iron_sword":12,"minecraft:book":4,"minecraft:birch_boat":2,"minecraft:pumpkin":3,"minecraft:brush":2,"minecraft:quartz":917,"minecraft:gravel":19,"minecraft:amethyst_shard":6,"cataclysm:remnant_skull":2,"minecraft:white_bed":3,"minecraft:spider_eye":15,"usefulbackpacks:backpack_large":1,"minecraft:cut_red_sandstone":3,"alexsmobs:centipede_leggings":3,"minecraft:music_disc_mall":2,"minecraft:diamond_shovel":12,"minecraft:pumpkin_seeds":3,"minecraft:snort_pottery_sherd":1,"cozy_home:warped_grandfather_clock":29,"minecraft:stone_axe":1,"minecraft:iron_helmet":1,"minecraft:diamond_axe":7,"minecraft:warped_roots":25,"minecraft:baked_potato":52,"cataclysm:sandstone_poison_dart_trap":20,"minecraft:coal":205,"minecraft:hopper":9,"minecraft:ender_pearl":317}},"DataVersion":3465}