{"stats":{"minecraft:killed":{"minecraft:pig":3,"minecraft:sheep":2},"minecraft:custom":{"minecraft:interact_with_furnace":4,"minecraft:mob_kills":5,"minecraft:interact_with_crafting_table":13,"minecraft:leave_game":1,"minecraft:time_since_death":18141,"minecraft:sleep_in_bed":2,"minecraft:climb_one_cm":506,"minecraft:time_since_rest":18668,"minecraft:sprint_one_cm":96172,"minecraft:damage_taken":1222,"minecraft:walk_one_cm":254357,"minecraft:drop":12,"minecraft:damage_dealt":687,"minecraft:swim_one_cm":10909,"minecraft:fly_one_cm":55904,"minecraft:open_chest":7,"minecraft:crouch_one_cm":70252,"minecraft:play_time":122341,"minecraft:deaths":3,"minecraft:sneak_time":17872,"minecraft:walk_under_water_one_cm":11791,"minecraft:jump":779,"minecraft:walk_on_water_one_cm":14214,"minecraft:total_world_time":122341,"minecraft:fall_one_cm":9350},"minecraft:broken":{"minecraft:iron_shovel":1,"minecraft:iron_pickaxe":1,"minecraft:stone_shovel":1},"minecraft:killed_by":{"minecraft:player":1,"minecraft:skeleton":1},"minecraft:mined":{"minecraft:deepslate_redstone_ore":1,"minecraft:clay":6,"cataclysm:stone_tiles":1,"minecraft:crafting_table":6,"minecraft:torch":1,"minecraft:glow_lichen":1,"minecraft:granite":3,"minecraft:acacia_log":6,"minecraft:grass_block":16,"minecraft:cobblestone":13,"minecraft:lapis_ore":3,"minecraft:deepslate_gold_ore":6,"minecraft:oak_planks":10,"minecraft:moss_block":5,"minecraft:diorite":12,"minecraft:wall_torch":8,"minecraft:redstone_ore":1,"minecraft:iron_ore":18,"minecraft:andesite":13,"minecraft:deepslate_lapis_ore":1,"minecraft:grass":20,"minecraft:oak_log":48,"minecraft:coal_ore":14,"minecraft:cave_vines":1,"minecraft:deepslate_iron_ore":3,"minecraft:vine":1,"minecraft:dirt":38,"minecraft:gravel":131,"minecraft:sand":340,"minecraft:azalea":1,"minecraft:stone":202,"minecraft:gold_ore":2,"minecraft:oak_leaves":20,"minecraft:deepslate":46},"minecraft:used":{"minecraft:water_bucket":9,"minecraft:diorite":9,"minecraft:iron_shovel":392,"minecraft:stone_shovel":131,"minecraft:oak_planks":55,"minecraft:chest":2,"minecraft:wooden_pickaxe":53,"minecraft:iron_sword":10,"minecraft:torch":19,"minecraft:dirt":53,"minecraft:crafting_table":7,"cataclysm:stone_tiles":1,"minecraft:granite":1,"minecraft:wooden_axe":19,"minecraft:bread":11,"minecraft:iron_pickaxe":291,"minecraft:gravel":1,"minecraft:stone_axe":68,"minecraft:cobblestone":192,"minecraft:bucket":9,"minecraft:andesite":12,"alexsmobs:animal_dictionary":2,"minecraft:acacia_planks":7},"minecraft:crafted":{"minecraft:oak_planks":192,"minecraft:stone_shovel":1,"minecraft:crafting_table":2,"minecraft:wooden_pickaxe":1,"minecraft:iron_sword":2,"minecraft:bucket":1,"minecraft:stone_axe":1,"minecraft:iron_chestplate":1,"minecraft:stick":30,"minecraft:iron_pickaxe":2,"minecraft:wooden_axe":1,"minecraft:chest":2,"minecraft:iron_shovel":2,"minecraft:acacia_planks":24,"minecraft:torch":36},"minecraft:dropped":{"minecraft:moss_carpet":3,"minecraft:moss_block":2,"minecraft:wheat_seeds":3,"minecraft:dirt":1,"minecraft:diorite":2,"minecraft:andesite":1,"minecraft:azalea":1,"minecraft:wooden_pickaxe":1},"minecraft:picked_up":{"minecraft:wooden_axe":3,"minecraft:crafting_table":8,"minecraft:iron_chestplate":2,"minecraft:clay_ball":28,"minecraft:andesite":14,"minecraft:wooden_pickaxe":2,"minecraft:flint":40,"minecraft:oak_log":72,"minecraft:lapis_lazuli":48,"minecraft:dirt":72,"minecraft:moss_carpet":3,"minecraft:iron_shovel":1,"minecraft:acacia_planks":17,"minecraft:wheat_seeds":4,"minecraft:cobbled_deepslate":88,"minecraft:raw_gold":16,"minecraft:bucket":1,"minecraft:iron_ingot":93,"minecraft:azalea":1,"minecraft:iron_pickaxe":2,"minecraft:moss_block":2,"minecraft:oak_planks":77,"minecraft:iron_sword":3,"minecraft:stick":4,"minecraft:raw_iron":37,"minecraft:torch":8,"minecraft:acacia_log":6,"minecraft:gravel":320,"minecraft:porkchop":10,"minecraft:sand":672,"minecraft:diorite":11,"minecraft:redstone":20,"alexsmobs:animal_dictionary":3,"cataclysm:stone_tiles":1,"minecraft:stone_shovel":1,"minecraft:diamond":6,"minecraft:stone_axe":2,"minecraft:granite":1,"minecraft:bread":49,"minecraft:oak_sapling":6,"minecraft:mutton":2,"minecraft:coal":21,"minecraft:white_wool":2,"minecraft:cobblestone":352}},"DataVersion":3465}