{"stats":{"minecraft:custom":{"minecraft:interact_with_crafting_table":352,"minecraft:open_barrel":493,"minecraft:leave_game":35,"minecraft:time_since_death":5435,"minecraft:damage_blocked_by_shield":15858,"minecraft:play_time":3001682,"minecraft:deaths":38,"minecraft:jump":43325,"minecraft:enchant_item":14,"minecraft:interact_with_furnace":1062,"minecraft:play_record":12,"minecraft:traded_with_villager":292,"minecraft:sleep_in_bed":21,"minecraft:waystone_activated":15,"minecraft:damage_dealt":203449,"minecraft:interact_with_smoker":200,"minecraft:use_cauldron":1,"minecraft:interact_with_smithing_table":22,"minecraft:interact_with_anvil":57,"minecraft:sneak_time":195611,"minecraft:interact_with_lectern":1,"minecraft:interact_with_blast_furnace":344,"minecraft:total_world_time":3001682,"minecraft:tune_noteblock":6,"minecraft:interact_with_stonecutter":11,"minecraft:time_since_rest":5474,"minecraft:swim_one_cm":1320131,"minecraft:fly_one_cm":10243531,"minecraft:open_chest":2592,"minecraft:fall_one_cm":1011371,"minecraft:damage_resisted":120,"minecraft:sprint_one_cm":8432990,"minecraft:drop":1393,"minecraft:talked_to_villager":953,"minecraft:interact_with_brewingstand":16,"minecraft:walk_on_water_one_cm":478396,"minecraft:interact_with_loom":21,"minecraft:open_enderchest":2,"minecraft:player_kills":2,"minecraft:crouch_one_cm":566080,"minecraft:mob_kills":1484,"minecraft:climb_one_cm":27495,"minecraft:walk_one_cm":6785290,"minecraft:walk_under_water_one_cm":271886,"minecraft:boat_one_cm":1059811,"minecraft:raid_trigger":1,"minecraft:interact_with_grindstone":25,"minecraft:damage_taken":36899,"minecraft:damage_absorbed":648},"minecraft:killed":{"alexsmobs:lobster":1,"minecraft:cave_spider":10,"alexsmobs:murmur":1,"minecraft:shulker":6,"minecraft:skeleton":355,"alexscaves:underzealot":34,"minecraft:chicken":21,"cataclysm:endermaptera":22,"alexsmobs:straddler":6,"alexsmobs:centipede_head":6,"alexsmobs:skelewag":1,"minecraft:magma_cube":16,"minecraft:parrot":1,"minecraft:salmon":3,"cataclysm:ancient_remnant":1,"minecraft:pillager":33,"alexsmobs:flutter":1,"minecraft:donkey":2,"minecraft:zombie":230,"alexscaves:trilocaris":9,"alexsmobs:rain_frog":1,"alexsmobs:roadrunner":10,"alexsmobs:mungus":1,"minecraft:cow":74,"alexscaves:corrodent":6,"alexsmobs:raccoon":7,"minecraft:endermite":1,"minecraft:vindicator":23,"alexscaves:vesper":32,"alexsmobs:seagull":2,"minecraft:horse":1,"alexsmobs:tusklin":1,"cataclysm:koboleton":9,"cataclysm:deepling_angler":1,"minecraft:husk":4,"alexsmobs:guster":3,"minecraft:rabbit":1,"alexsmobs:rhinoceros":1,"minecraft:polar_bear":1,"alexsmobs:catfish":2,"alexsmobs:crocodile":2,"alexscaves:grottoceratops":1,"minecraft:enderman":27,"alexscaves:gloomoth":16,"minecraft:witch":3,"minecraft:spider":89,"aquamirae:tortured_soul":2,"minecraft:axolotl":2,"aquamirae:golden_moth":1,"minecraft:piglin_brute":5,"alexsmobs:kangaroo":1,"minecraft:piglin":6,"minecraft:pig":29,"alexsmobs:anteater":1,"minecraft:zombie_villager":3,"alexsmobs:stradpole":2,"minecraft:creeper":20,"alexsmobs:crimson_mosquito":12,"minecraft:sheep":48,"alexsmobs:terrapin":82,"minecraft:mooshroom":1,"minecraft:ghast":2,"alexsmobs:fly":16,"minecraft:blaze":10,"alexscaves:vallumraptor":5,"alexsmobs:bone_serpent":2,"alexsmobs:dropbear":2,"minecraft:vex":1,"alexsmobs:tarantula_hawk":6,"alexscaves:watcher":3,"minecraft:slime":15,"alexsmobs:rattlesnake":6,"minecraft:phantom":11,"minecraft:drowned":6,"cataclysm:lionfish":1,"alexsmobs:flying_fish":2,"minecraft:hoglin":2,"minecraft:squid":10,"alexsmobs:cockroach":19,"alexsmobs:gazelle":5,"alexsmobs:moose":2,"minecraft:wither_skeleton":10},"minecraft:broken":{"minecraft:diamond_pickaxe":1,"minecraft:wooden_sword":2,"minecraft:iron_sword":2,"minecraft:shield":3,"minecraft:iron_axe":1,"minecraft:iron_pickaxe":11,"minecraft:iron_helmet":1,"minecraft:golden_helmet":1,"minecraft:iron_shovel":2,"minecraft:diamond_sword":1,"alexscaves:desolate_dagger":1,"aquamirae:remnants_saber":1},"minecraft:killed_by":{"minecraft:piglin_brute":3,"minecraft:vindicator":9,"minecraft:zombie":1,"minecraft:vex":8,"alexsmobs:bison":1,"minecraft:warden":3,"alexsmobs:mimicube":1,"minecraft:creeper":2,"minecraft:player":3,"minecraft:skeleton":2,"cataclysm:ancient_remnant":2},"minecraft:mined":{"minecraft:dark_oak_planks":3,"minecraft:stripped_warped_stem":19,"minecraft:cut_sandstone_slab":3,"minecraft:white_bed":5,"alexscaves:forsaken_idol":7,"minecraft:cherry_log":106,"minecraft:jungle_leaves":110,"minecraft:obsidian":5,"minecraft:granite":31,"minecraft:red_sand":1,"minecraft:acacia_log":15,"minecraft:deepslate_bricks":24,"alexscaves:coprolith":49,"minecraft:crimson_fungus":4,"minecraft:chiseled_stone_bricks":1,"minecraft:spawner":10,"minecraft:tall_seagrass":12,"minecraft:polished_blackstone_bricks":44,"minecraft:sticky_piston":1,"minecraft:cobbled_deepslate":38,"minecraft:barrel":2,"minecraft:fire":45,"alexscaves:guanostone_tiles":3,"minecraft:deepslate_lapis_ore":34,"minecraft:twisting_vines":7,"minecraft:cave_vines":1,"minecraft:water_cauldron":1,"minecraft:oak_wall_hanging_sign":1,"minecraft:dirt_path":4,"minecraft:quartz_slab":2,"minecraft:small_amethyst_bud":3,"minecraft:deepslate_brick_stairs":2,"minecraft:smooth_sandstone_stairs":4,"minecraft:spruce_wood":2,"cozy_home:quartz_storage_counter":2,"minecraft:tripwire":4,"minecraft:brown_mushroom":2,"minecraft:crimson_nylium":1,"minecraft:smoker":3,"minecraft:soul_fire":8,"minecraft:amethyst_cluster":3,"beautify:lamp_bamboo":2,"minecraft:torch":10,"minecraft:blast_furnace":6,"minecraft:melon":11,"alexscaves:peering_coprolith":2,"minecraft:dead_bush":13,"minecraft:glass":54,"minecraft:damaged_anvil":4,"cozy_home:warped_grandfather_clock":8,"beautify:lamp_candelabra":1,"minecraft:amethyst_block":1,"minecraft:repeater":1,"minecraft:mud":1,"minecraft:jukebox":1,"minecraft:stone_brick_stairs":1,"minecraft:warped_fungus":11,"minecraft:grass":359,"minecraft:loom":1,"minecraft:smooth_basalt":3,"minecraft:piston":2,"minecraft:deepslate":2821,"minecraft:mossy_cobblestone":24,"minecraft:nether_brick_wall":1,"cozy_home:quartz_chair":2,"minecraft:spruce_fence":1,"alexscaves:pewen_log":2,"minecraft:crimson_roots":8,"minecraft:redstone_wire":8,"minecraft:moss_block":3,"alexscaves:thornwood_branch":7,"minecraft:red_mushroom":1,"minecraft:redstone_ore":10,"minecraft:packed_mud":30,"alexscaves:thornwood_stairs":2,"minecraft:snow":33,"minecraft:andesite":44,"alexsmobs:triops_eggs":1,"minecraft:vine":1,"minecraft:rail":3,"minecraft:warped_stem":528,"minecraft:bamboo":5,"minecraft:smithing_table":1,"minecraft:oak_slab":1,"minecraft:glass_pane":17,"minecraft:dandelion":1,"minecraft:smooth_sandstone":2,"minecraft:cornflower":2,"minecraft:emerald_ore":1,"minecraft:warped_roots":11,"minecraft:copper_ore":13,"minecraft:lightning_rod":1,"minecraft:purpur_pillar":2,"minecraft:tall_grass":57,"minecraft:dried_kelp_block":9,"minecraft:deepslate_gold_ore":91,"minecraft:diorite":122,"minecraft:warped_wart_block":16,"minecraft:spruce_log":33,"cataclysm:sandstone_falling_trap":2,"minecraft:gravel":102,"minecraft:cobweb":126,"alexscaves:guano_layer":5,"minecraft:brown_terracotta":8,"minecraft:stone_bricks":1,"minecraft:gold_ore":15,"minecraft:chipped_anvil":1,"minecraft:fern":4,"alexscaves:guanostone":25,"minecraft:large_amethyst_bud":3,"minecraft:spruce_planks":36,"minecraft:brewing_stand":1,"minecraft:spruce_trapdoor":2,"cataclysm:sandstone_ignite_trap":10,"minecraft:budding_amethyst":1,"minecraft:grass_block":141,"minecraft:cracked_polished_blackstone_bricks":25,"minecraft:polished_blackstone_brick_slab":2,"minecraft:gilded_blackstone":1,"cataclysm:sandstone_poison_dart_trap":2,"minecraft:raw_iron_block":2,"minecraft:glowstone":9,"minecraft:iron_ore":229,"minecraft:iron_bars":5,"alexscaves:underweed":3,"minecraft:spruce_slab":1,"minecraft:deepslate_redstone_ore":144,"minecraft:blackstone":13,"minecraft:twisting_vines_plant":3,"minecraft:medium_amethyst_bud":1,"minecraft:orange_terracotta":30,"minecraft:clay":483,"minecraft:light_gray_terracotta":6,"minecraft:calcite":2,"minecraft:poppy":5,"minecraft:chest":2,"minecraft:nether_quartz_ore":603,"minecraft:cobblestone":144,"minecraft:oak_planks":59,"cozy_home:quartz_bench":1,"minecraft:wall_torch":5,"alexscaves:thornwood_planks":1,"minecraft:cauldron":2,"minecraft:seagrass":11,"minecraft:warped_nylium":15,"minecraft:powered_rail":1,"minecraft:dark_oak_slab":1,"minecraft:nether_wart_block":1,"minecraft:warped_planks":42,"minecraft:smooth_stone_slab":2,"minecraft:oak_log":28,"alexscaves:coprolith_coal_ore":14,"minecraft:dirt":253,"minecraft:sand":350,"minecraft:tripwire_hook":2,"minecraft:dispenser":1,"minecraft:netherrack":219,"minecraft:ancient_debris":1,"minecraft:oak_leaves":63,"alexscaves:spelunkery_table":3,"minecraft:nether_gold_ore":35,"handcrafted:warped_corner_trim":4,"minecraft:tuff":170,"minecraft:candle":3,"minecraft:deepslate_diamond_ore":59,"minecraft:oak_door":10,"minecraft:mangrove_roots":2,"minecraft:decorated_pot":3,"minecraft:spruce_leaves":2,"minecraft:sandstone":75,"farmersdelight:red_mushroom_colony":6,"minecraft:mangrove_propagule":1,"minecraft:large_fern":3,"minecraft:hay_block":314,"minecraft:spore_blossom":1,"minecraft:oxidized_cut_copper":2,"minecraft:oak_trapdoor":1,"minecraft:furnace":15,"minecraft:nether_sprouts":2,"alexscaves:cave_painting_trilocaris":1,"minecraft:polished_deepslate":1,"minecraft:bookshelf":180,"minecraft:shroomlight":4,"minecraft:deepslate_iron_ore":211,"minecraft:stripped_oak_log":25,"minecraft:packed_ice":23,"minecraft:stone":919,"farmersdelight:cooking_pot":3,"beautify:bookstack":2,"minecraft:flowering_azalea":1,"alexscaves:porous_coprolith":5,"minecraft:snow_block":62,"alexscaves:cooked_dinosaur_chop":2,"minecraft:oak_fence":3,"minecraft:crafting_table":31,"minecraft:lectern":266,"minecraft:deepslate_coal_ore":3,"minecraft:lapis_ore":13,"minecraft:sculk":5,"minecraft:spruce_stairs":9,"minecraft:gray_wool":1,"minecraft:birch_planks":1,"days_in_the_middle_ages:fire_pit":4,"cataclysm:purpur_void_rune_trap_block":1,"minecraft:ice":9,"alexscaves:thornwood_log":2,"minecraft:coal_ore":509,"minecraft:end_rod":1,"minecraft:gray_carpet":2,"minecraft:terracotta":4,"minecraft:mossy_stone_bricks":61,"minecraft:warped_slab":2},"minecraft:used":{"minecraft:moss_block":2,"minecraft:spruce_slab":6,"minecraft:ladder":4,"minecraft:chest":11,"minecraft:snowball":306,"minecraft:music_disc_relic":1,"alexscaves:vesper_stew":6,"minecraft:spruce_boat":1,"minecraft:lava_bucket":1,"minecraft:grass_block":1,"minecraft:music_disc_stal":1,"minecraft:bow":171,"minecraft:furnace":14,"minecraft:egg":7,"minecraft:mossy_stone_bricks":53,"minecraft:diorite":10,"minecraft:leather_leggings":2,"days_in_the_middle_ages:shaft":10,"alexsmobs:music_disc_daze":1,"minecraft:blackstone":4,"minecraft:wooden_pickaxe":12,"beautify:lamp_bamboo":3,"minecraft:cookie":2,"cozy_home:quartz_storage_counter":3,"aquamirae:remnants_saber":157,"minecraft:glow_berries":32,"minecraft:golden_apple":16,"alexsmobs:skelewag_sword":171,"minecraft:sand":8,"minecraft:blast_furnace":5,"minecraft:deepslate_brick_stairs":2,"handcrafted:hammer":18,"minecraft:lectern":269,"minecraft:diamond_sword":2705,"minecraft:wooden_sword":107,"minecraft:oak_boat":3,"minecraft:oak_hanging_sign":2,"minecraft:stone_sword":7,"minecraft:stripped_warped_stem":11,"minecraft:music_disc_5":3,"minecraft:cooked_salmon":3,"minecraft:netherrack":369,"minecraft:torch":239,"minecraft:brewing_stand":1,"minecraft:anvil":1,"minecraft:warped_wart_block":9,"alexscaves:coprolith":16,"minecraft:chipped_anvil":1,"minecraft:iron_axe":614,"minecraft:diamond_chestplate":8,"minecraft:basalt":3,"minecraft:goat_horn":21,"farmersdelight:cooking_pot":4,"minecraft:orange_terracotta":30,"minecraft:cobbled_deepslate":346,"minecraft:acacia_planks":1,"alexsmobs:cooked_catfish":3,"minecraft:water_bucket":87,"minecraft:cauldron":3,"minecraft:deepslate_bricks":338,"minecraft:polished_blackstone_bricks":12,"minecraft:mossy_cobblestone":1,"minecraft:crafting_table":52,"minecraft:white_bed":6,"minecraft:oak_log":33,"minecraft:diamond_pickaxe":2340,"minecraft:diamond_shovel":622,"days_in_the_middle_ages:campfire":1,"alexscaves:peering_coprolith":1,"minecraft:iron_pickaxe":3360,"minecraft:leather_helmet":2,"minecraft:spruce_trapdoor":3,"minecraft:music_disc_blocks":1,"alexsmobs:tendon_whip":30,"minecraft:cobblestone":510,"minecraft:potion":1,"minecraft:porkchop":2,"minecraft:cooked_porkchop":40,"alexsmobs:centipede_leggings":3,"minecraft:glass_pane":4,"minecraft:stripped_oak_log":1,"minecraft:brush":9,"minecraft:jukebox":2,"minecraft:iron_shovel":1218,"minecraft:polished_deepslate":1,"minecraft:diamond_hoe":366,"minecraft:shield":439,"minecraft:iron_sword":804,"minecraft:iron_chestplate":5,"minecraft:oxidized_cut_copper":2,"minecraft:carrot":1,"minecraft:deepslate_tile_slab":4,"cataclysm:music_disc_ancient_remnant":2,"minecraft:obsidian":10,"minecraft:glass":37,"minecraft:quartz_slab":7,"minecraft:packed_mud":12,"minecraft:iron_helmet":4,"minecraft:warped_fungus":3,"handcrafted:warped_corner_trim":1,"minecraft:diamond_boots":6,"cozy_home:dark_oak_grandfather_clock":1,"minecraft:stone_pickaxe":109,"minecraft:oak_planks":27,"minecraft:ender_pearl":3,"minecraft:sandstone":6,"minecraft:diamond_axe":908,"minecraft:crossbow":239,"cataclysm:music_disc_the_leviathan":1,"waystones:waystone":1,"minecraft:acacia_door":3,"minecraft:melon_slice":22,"minecraft:bread":464,"minecraft:warped_slab":6,"minecraft:gravel":11,"alexsmobs:cooked_moose_ribs":1,"minecraft:cooked_rabbit":2,"minecraft:andesite":2,"cataclysm:music_disc_ender_guardian":1,"minecraft:golden_pickaxe":4,"minecraft:experience_bottle":18,"minecraft:trident":60,"minecraft:music_disc_otherside":1,"alexscaves:forsaken_idol":6,"minecraft:spruce_planks":20,"minecraft:cooked_chicken":11,"minecraft:oak_door":15,"minecraft:dirt":633,"alexsmobs:maraca":12,"minecraft:spruce_stairs":3,"minecraft:diamond_helmet":6,"minecraft:granite":5,"minecraft:iron_hoe":12,"minecraft:dark_oak_planks":10,"minecraft:wooden_axe":34,"minecraft:iron_boots":6,"cozy_home:warped_grandfather_clock":18,"minecraft:golden_carrot":26,"minecraft:netherite_pickaxe":1420,"minecraft:cooked_beef":55,"minecraft:enchanted_golden_apple":2,"cataclysm:remnant_skull":1,"minecraft:iron_leggings":4,"minecraft:beetroot_soup":1,"minecraft:cooked_mutton":36,"minecraft:acacia_boat":5,"farmersdelight:skillet":15,"minecraft:glass_bottle":3,"minecraft:baked_potato":59,"cataclysm:desert_eye":10,"minecraft:cut_sandstone":1,"minecraft:cobblestone_slab":9,"minecraft:terracotta":2,"cozy_home:quartz_bench":2,"minecraft:warped_planks":16,"minecraft:smoker":2,"cozy_home:quartz_chair":3,"minecraft:cracked_polished_blackstone_bricks":6,"alexscaves:desolate_dagger":368,"beautify:bookstack":3,"minecraft:stone_axe":95,"minecraft:bucket":95,"minecraft:pumpkin_pie":2,"alexsmobs:animal_dictionary":96,"alexscaves:cooked_dinosaur_chop":2},"minecraft:crafted":{"minecraft:smooth_stone":3,"cataclysm:desert_eye":1,"minecraft:blaze_powder":2,"minecraft:chain":2,"waystones:waystone":1,"minecraft:diamond_shovel":1,"minecraft:bookshelf":3,"minecraft:cooked_mutton":38,"minecraft:glass":243,"cozy_home:quartz_storage_counter":1,"minecraft:diamond_helmet":3,"alexsmobs:cooked_catfish":3,"minecraft:cooked_rabbit":2,"minecraft:glass_bottle":3,"minecraft:emerald":280,"minecraft:cooked_porkchop":49,"waystones:return_scroll":6,"minecraft:diamond_axe":1,"minecraft:copper_ingot":1,"cozy_home:quartz_bench":1,"waystones:warp_stone":1,"minecraft:lectern":3,"cozy_home:quartz_mirror":1,"usefulbackpacks:backpack_large":1,"minecraft:iron_pickaxe":12,"minecraft:iron_block":3,"farmersdelight:cooked_bacon":3,"minecraft:acacia_door":6,"minecraft:gold_ingot":191,"minecraft:netherite_ingot":1,"minecraft:bone_meal":3,"alexscaves:totem_of_possession":1,"minecraft:ladder":6,"minecraft:spruce_slab":18,"minecraft:stone_pickaxe":2,"minecraft:diamond_boots":1,"minecraft:dark_oak_planks":44,"minecraft:wheat":2223,"alexscaves:cooked_dinosaur_chop":1,"minecraft:netherite_pickaxe":1,"alexsmobs:cooked_moose_ribs":2,"minecraft:enchanted_book":12,"beautify:lamp_bamboo":1,"minecraft:golden_apple":38,"cozy_home:oak_plank":8,"minecraft:wooden_axe":4,"handcrafted:hammer":1,"minecraft:iron_shovel":5,"minecraft:iron_leggings":3,"minecraft:white_bed":1,"minecraft:music_disc_5":1,"alexsmobs:cockroach_wing":1,"alexsmobs:tendon_whip":1,"minecraft:brick":39,"minecraft:oak_planks":196,"minecraft:cobblestone_slab":6,"cozy_home:oak_sink_counter":1,"minecraft:calibrated_sculk_sensor":1,"minecraft:cooked_chicken":11,"usefulbackpacks:backpack_small":4,"minecraft:oak_hanging_sign":6,"minecraft:stone":576,"minecraft:warped_planks":8,"minecraft:bow":16,"minecraft:iron_boots":6,"beautify:lamp_candelabra_light_blue":1,"minecraft:chest":10,"minecraft:stone_bricks":4,"minecraft:golden_boots":1,"minecraft:light_blue_candle":3,"minecraft:crafting_table":18,"minecraft:spruce_planks":76,"beautify:bookstack":1,"minecraft:wooden_pickaxe":2,"minecraft:baked_potato":85,"minecraft:iron_helmet":4,"minecraft:brush":1,"minecraft:birch_planks":24,"minecraft:spruce_trapdoor":2,"aquamirae:remnants_saber":2,"minecraft:iron_chestplate":6,"minecraft:paper":66,"minecraft:diamond_pickaxe":1,"minecraft:purple_dye":4,"minecraft:shield":10,"minecraft:stick":88,"minecraft:light_blue_dye":4,"minecraft:iron_ingot":624,"alexsmobs:mosquito_larva":2,"minecraft:deepslate_bricks":49,"minecraft:wooden_sword":3,"minecraft:oak_door":3,"minecraft:raw_iron":18,"minecraft:furnace":9,"minecraft:blast_furnace":1,"cozy_home:quartz_chair":1,"minecraft:glass_pane":384,"minecraft:leather":1,"minecraft:polished_deepslate":1,"minecraft:iron_axe":6,"usefulbackpacks:backpack_medium":2,"minecraft:netherite_scrap":5,"alexsmobs:centipede_leggings":1,"minecraft:cooked_beef":102,"minecraft:red_dye":2,"minecraft:diamond_sword":1,"alexsmobs:cooked_kangaroo_meat":1,"minecraft:iron_sword":5,"minecraft:bucket":5,"minecraft:bread":758,"minecraft:acacia_boat":1,"minecraft:air":0,"minecraft:blue_dye":4,"minecraft:gold_nugget":9,"minecraft:white_dye":2,"minecraft:raw_gold":9,"minecraft:anvil":1,"minecraft:acacia_planks":58,"minecraft:torch":44,"minecraft:diamond_chestplate":1},"minecraft:dropped":{"farmersdelight:iron_knife":1,"minecraft:iron_sword":6,"minecraft:piston":1,"minecraft:porkchop":9,"minecraft:cooked_beef":24,"minecraft:glow_ink_sac":1,"minecraft:chorus_fruit":1,"minecraft:diamond":22,"minecraft:cooked_porkchop":14,"cataclysm:sandstone_ignite_trap":8,"minecraft:crossbow":4,"farmersdelight:cooked_bacon":3,"minecraft:cookie":4,"minecraft:glow_berries":29,"cataclysm:koboleton_spawn_egg":1,"minecraft:warped_roots":5,"alexscaves:moth_dust":12,"minecraft:rail":2,"minecraft:leather_helmet":1,"minecraft:red_mushroom":18,"minecraft:item_frame":1,"minecraft:emerald":4,"minecraft:packed_mud":4,"minecraft:dirt":113,"aquamirae:dead_sea_scroll":1,"alexsmobs:flying_fish":1,"alexsmobs:skelewag_sword":2,"minecraft:jungle_sapling":4,"minecraft:gold_nugget":169,"minecraft:sand":142,"minecraft:sugar":1,"minecraft:iron_pickaxe":8,"minecraft:polished_blackstone_slab":2,"alexsmobs:raccoon_tail":2,"minecraft:music_disc_stal":1,"minecraft:white_wool":18,"cataclysm:music_disc_ender_guardian":1,"minecraft:danger_pottery_sherd":1,"minecraft:bone":176,"minecraft:music_disc_blocks":1,"minecraft:polished_blackstone_wall":1,"usefulbackpacks:backpack_large":2,"alexsmobs:centipede_leg":2,"minecraft:stone_axe":1,"minecraft:sugar_cane":9,"minecraft:music_disc_chirp":1,"minecraft:iron_nugget":22,"minecraft:cooked_chicken":2,"minecraft:cobbled_deepslate":191,"alexsmobs:animal_dictionary":1,"alexsmobs:crocodile_egg":1,"alexscaves:cave_tablet":20,"minecraft:wheat":198,"minecraft:music_disc_5":3,"minecraft:rotten_flesh":119,"minecraft:oak_planks":18,"minecraft:enchanted_golden_apple":3,"minecraft:light_gray_carpet":1,"minecraft:music_disc_far":1,"minecraft:azure_bluet":1,"minecraft:salmon":2,"minecraft:warped_planks":2,"minecraft:echo_shard":1,"alexsmobs:blood_sac":1,"alexscaves:cave_book":1,"minecraft:leather_boots":1,"minecraft:arms_up_pottery_sherd":2,"minecraft:snort_pottery_sherd":2,"alexscaves:dark_tatters":35,"minecraft:glass":20,"minecraft:beef":28,"minecraft:warped_wart_block":4,"minecraft:lectern":4,"minecraft:egg":21,"minecraft:enchanted_book":2,"minecraft:iron_ingot":67,"cataclysm:music_disc_the_leviathan":1,"minecraft:netherite_pickaxe":1,"minecraft:wheat_seeds":59,"minecraft:mourner_pottery_sherd":2,"farmersdelight:skillet":1,"minecraft:oak_hanging_sign":5,"minecraft:cobblestone":200,"minecraft:iron_helmet":3,"minecraft:feather":11,"minecraft:book":18,"minecraft:granite":3,"minecraft:polished_blackstone_button":2,"minecraft:coal":135,"minecraft:golden_apple":22,"minecraft:polished_blackstone_stairs":1,"minecraft:oxeye_daisy":1,"minecraft:lava_bucket":4,"minecraft:diamond_horse_armor":4,"minecraft:gray_wool":1,"alexscaves:trilocaris_tail":2,"minecraft:sculk":8,"minecraft:ink_sac":23,"minecraft:golden_carrot":6,"minecraft:wooden_axe":2,"minecraft:rabbit":1,"minecraft:cooked_salmon":6,"minecraft:diamond_helmet":2,"minecraft:potion":1,"minecraft:dead_bush":3,"minecraft:brown_terracotta":4,"minecraft:white_banner":2,"minecraft:mud":65,"aquamirae:sea_stew":1,"alexscaves:porous_coprolith":1,"minecraft:iron_shovel":1,"minecraft:paper":87,"minecraft:string":81,"minecraft:smooth_sandstone":1,"minecraft:spruce_sapling":6,"cataclysm:khopesh":3,"alexscaves:guano":3,"minecraft:furnace":1,"minecraft:moss_carpet":8,"minecraft:soul_torch":1,"minecraft:stone_sword":2,"alexscaves:desolate_dagger":2,"minecraft:bowl":3,"minecraft:diamond_hoe":2,"minecraft:experience_bottle":3,"minecraft:chicken":4,"minecraft:clay_ball":132,"minecraft:iron_boots":1,"cataclysm:sandstone_poison_dart_trap":1,"minecraft:name_tag":1,"alexsmobs:cooked_kangaroo_meat":1,"minecraft:diamond_sword":12,"minecraft:light_blue_dye":1,"minecraft:hay_block":10,"minecraft:potato":6,"aquamirae:fin":4,"minecraft:diamond_pickaxe":6,"minecraft:spider_eye":15,"minecraft:stone_bricks":4,"cataclysm:monstrous_helm":1,"minecraft:sandstone":11,"handcrafted:hammer":1,"minecraft:bow":24,"minecraft:red_sand":1,"waystones:waystone":1,"alexsmobs:shark_tooth":1,"minecraft:terracotta":1,"minecraft:acacia_boat":1,"minecraft:warped_stem":511,"minecraft:brown_mushroom":2,"minecraft:moss_block":24,"cozy_home:quartz_mirror":1,"minecraft:birch_planks":1,"minecraft:warped_fungus":1,"minecraft:diamond_axe":1,"minecraft:oak_log":50,"minecraft:ender_pearl":6,"alexscaves:burrowing_arrow":4,"minecraft:leather":13,"minecraft:cod":4,"minecraft:flint":1,"minecraft:dark_oak_log":3,"minecraft:cornflower":1,"minecraft:mutton":18,"cataclysm:sandstorm_in_a_bottle":2,"minecraft:snowball":1,"usefulbackpacks:backpack_small":2,"alexsmobs:cooked_moose_ribs":1,"minecraft:pumpkin_pie":19,"farmersdelight:onion":4,"minecraft:gilded_blackstone":1,"alexscaves:cave_map":1,"minecraft:amethyst_shard":2,"minecraft:polished_blackstone_bricks":129,"minecraft:gold_ingot":222,"cataclysm:remnant_skull":1,"minecraft:gravel":14,"minecraft:blackstone":2,"minecraft:mangrove_roots":2,"minecraft:music_disc_otherside":1,"minecraft:smooth_sandstone_stairs":1,"minecraft:cooked_mutton":4,"alexsmobs:elastic_tendon":4,"minecraft:trident":4,"minecraft:gunpowder":18,"minecraft:azalea":1,"minecraft:iron_bars":19,"minecraft:arrow":3,"minecraft:quartz":970,"minecraft:water_bucket":2,"minecraft:bread":373,"aquamirae:ship_graveyard_echo":1,"alexsmobs:unsettling_kimono":2,"minecraft:mossy_cobblestone":12,"minecraft:poisonous_potato":1,"minecraft:mangrove_propagule":1,"alexscaves:spelunkery_table":1,"days_in_the_middle_ages:fire_pit":3,"minecraft:nether_brick_wall":1,"alexscaves:coprolith":2,"minecraft:stick":17,"alexsmobs:maraca":3,"minecraft:calibrated_sculk_sensor":1,"cozy_home:oak_plank":3,"cozy_home:oak_sink_counter":1,"farmersdelight:golden_knife":3,"minecraft:diorite":16,"minecraft:sculk_catalyst":1,"minecraft:torch":33,"alexsmobs:dropbear_claw":1,"waystones:return_scroll":4,"minecraft:music_disc_strad":1,"alexsmobs:centipede_leggings":7,"minecraft:music_disc_ward":1,"cataclysm:music_disc_ancient_remnant":1,"alexscaves:thornwood_planks":1,"minecraft:flowering_azalea":1,"minecraft:iron_axe":4,"alexscaves:guanostone":1,"minecraft:music_disc_wait":1,"minecraft:tripwire_hook":2,"minecraft:music_disc_cat":1,"minecraft:dandelion":7,"minecraft:smooth_basalt":1,"cataclysm:music_disc_netherite_monstrosity":1,"minecraft:warped_nylium":4,"minecraft:oak_trapdoor":2,"minecraft:coarse_dirt":3,"minecraft:nether_wart":26,"cataclysm:koboleton_bone":1,"alexsmobs:tarantula_hawk_wing_fragment":5,"minecraft:light_gray_terracotta":6,"minecraft:tuff":17,"minecraft:raw_iron":53,"farmersdelight:cabbage_seeds":4,"alexsmobs:blobfish":2,"alexscaves:vesper_wing":19,"minecraft:light_gray_wool":1,"minecraft:iron_hoe":3,"minecraft:stripped_oak_log":17,"cataclysm:stone_tiles":56,"minecraft:glass_pane":4,"minecraft:deepslate_bricks":409,"minecraft:filled_map":4,"minecraft:shield":3,"minecraft:diamond_chestplate":1,"minecraft:orange_terracotta":1,"minecraft:andesite":12,"minecraft:iron_chestplate":2,"minecraft:golden_leggings":2,"minecraft:oak_boat":1,"minecraft:oak_sapling":4,"handcrafted:warped_corner_trim":3,"minecraft:spruce_log":1,"minecraft:diamond_boots":2,"minecraft:stone_pickaxe":1,"minecraft:wooden_pickaxe":3,"minecraft:raw_gold":2,"minecraft:magma_cream":2,"minecraft:music_disc_mellohi":1,"alexsmobs:novelty_hat":1},"minecraft:picked_up":{"minecraft:wooden_axe":5,"minecraft:iron_chestplate":10,"days_in_the_middle_ages:shaft":10,"minecraft:lead":2,"minecraft:diamond_sword":20,"minecraft:smithing_table":1,"alexscaves:guanostone_tiles":2,"alexscaves:trilocaris_tail":8,"minecraft:enchanted_book":9,"alexsmobs:bone_serpent_tooth":1,"minecraft:brewing_stand":1,"minecraft:amethyst_block":1,"minecraft:polished_deepslate":1,"minecraft:string":270,"beautify:lamp_bamboo":2,"minecraft:music_disc_cat":2,"minecraft:cooked_salmon":3,"minecraft:shroomlight":4,"days_in_the_middle_ages:campfire":1,"minecraft:gold_nugget":325,"minecraft:cobbled_deepslate":2910,"minecraft:spruce_planks":37,"minecraft:warped_slab":2,"minecraft:written_book":1,"alexscaves:totem_of_possession":1,"minecraft:netherite_upgrade_smithing_template":1,"minecraft:enchanted_golden_apple":1,"minecraft:melon_slice":58,"minecraft:golden_helmet":4,"minecraft:polished_blackstone_brick_slab":2,"minecraft:music_disc_blocks":2,"minecraft:polished_blackstone_stairs":1,"alexscaves:thornwood_wood":1,"minecraft:jukebox":1,"minecraft:acacia_log":15,"minecraft:purpur_pillar":4,"minecraft:lightning_rod":2,"minecraft:cherry_log":198,"cataclysm:music_disc_ancient_remnant":3,"minecraft:warped_planks":46,"alexsmobs:tendon_whip":4,"aquamirae:esca":8,"alexsmobs:centipede_leg":9,"handcrafted:warped_corner_trim":4,"minecraft:cauldron":4,"minecraft:orange_bed":2,"minecraft:stone_sword":4,"minecraft:tropical_fish":5,"farmersdelight:onion":4,"alexscaves:dreadbow":1,"farmersdelight:rope":290,"minecraft:blaze_rod":1,"alexsmobs:lobster_tail":1,"minecraft:iron_bars":19,"minecraft:snowball":342,"alexsmobs:flying_fish":1,"minecraft:birch_log":6,"minecraft:feather":18,"minecraft:cooked_beef":49,"minecraft:water_bucket":8,"minecraft:brown_wool":1,"minecraft:smoker":6,"minecraft:flint":9,"alexscaves:thornwood_stairs":2,"alexsmobs:mosquito_larva":4,"minecraft:disc_fragment_5":6,"aquamirae:fin":7,"minecraft:twisting_vines":9,"cataclysm:koboleton_bone":8,"minecraft:chipped_anvil":1,"alexscaves:guano":56,"cataclysm:purpur_void_rune_trap_block":2,"minecraft:rabbit":3,"minecraft:diamond_helmet":8,"minecraft:glowstone_dust":30,"alexscaves:porous_coprolith":8,"minecraft:moss_block":26,"minecraft:warped_wart_block":16,"alexsmobs:shark_tooth":1,"alexsmobs:crocodile_egg":2,"aquamirae:anglers_fang":2,"minecraft:ink_sac":37,"minecraft:loom":1,"alexsmobs:novelty_hat":1,"minecraft:dark_oak_log":3,"minecraft:red_terracotta":33,"alexsmobs:animal_dictionary":11,"cataclysm:stone_tiles":56,"cataclysm:lionfish":1,"alexscaves:occult_gem":1,"alexsmobs:kangaroo_hide":2,"minecraft:blue_terracotta":29,"days_in_the_middle_ages:fire_pit":3,"cataclysm:sandstone_falling_trap":2,"minecraft:granite":8,"alexsmobs:tarantula_hawk_wing_fragment":10,"minecraft:bread":903,"alexsmobs:maggot":27,"minecraft:light_gray_carpet":1,"minecraft:bricks":36,"minecraft:crimson_roots":6,"minecraft:diamond_pickaxe":10,"minecraft:music_disc_5":5,"minecraft:mud":65,"minecraft:crafting_table":43,"minecraft:coarse_dirt":5,"minecraft:nether_wart":27,"minecraft:clay_ball":2068,"minecraft:golden_pickaxe":2,"minecraft:mourner_pottery_sherd":2,"cataclysm:monstrous_helm":1,"usefulbackpacks:backpack_medium":7,"alexscaves:thornwood_branch":6,"minecraft:cornflower":3,"aquamirae:sharp_bones":62,"minecraft:flint_and_steel":1,"minecraft:acacia_door":9,"minecraft:iron_shovel":5,"minecraft:compass":3,"minecraft:polished_blackstone_wall":1,"usefulbackpacks:backpack_small":3,"minecraft:stripped_warped_stem":19,"alexscaves:burrowing_arrow":3,"minecraft:music_disc_otherside":2,"aquamirae:dead_sea_scroll":3,"minecraft:beef":165,"alexscaves:thornwood_log":3,"minecraft:jungle_sapling":4,"minecraft:iron_nugget":7,"minecraft:poppy":5,"minecraft:spruce_slab":4,"aquamirae:remnants_saber":3,"minecraft:chest":4,"cataclysm:necklace_of_the_desert":1,"minecraft:piston":2,"minecraft:diamond_hoe":6,"minecraft:egg":12,"minecraft:sandstone":17,"alexscaves:guanostone":26,"minecraft:oak_door":14,"cozy_home:quartz_chair":2,"minecraft:music_disc_mellohi":1,"cozy_home:quartz_bench":1,"minecraft:spruce_fence":2,"beautify:lamp_candelabra":1,"minecraft:carrot":17,"minecraft:redstone":657,"minecraft:netherite_pickaxe":5,"minecraft:prismarine_crystals":1,"minecraft:tnt":1,"minecraft:diamond_chestplate":8,"aquamirae:sea_stew":3,"minecraft:diamond_boots":10,"minecraft:deepslate_bricks":511,"minecraft:hay_block":399,"minecraft:yellow_terracotta":10,"minecraft:gold_ingot":450,"aquamirae:treasure_pouch":1,"alexsmobs:kangaroo_meat":1,"minecraft:glow_berries":29,"minecraft:mutton":56,"minecraft:bone_block":3,"minecraft:white_wool":55,"minecraft:rail":2,"minecraft:oxeye_daisy":1,"minecraft:stripped_oak_log":24,"alexscaves:pewen_log":2,"minecraft:mud_bricks":31,"minecraft:tripwire_hook":2,"aquamirae:spinefish":2,"minecraft:red_mushroom":36,"alexsmobs:skreecher_soul":2,"minecraft:filled_map":2,"minecraft:packed_mud":33,"cataclysm:void_jaw":64,"minecraft:oak_log":73,"minecraft:ancient_debris":5,"minecraft:golden_boots":2,"farmersdelight:skillet":2,"alexsmobs:mosquito_proboscis":2,"minecraft:paper":126,"minecraft:white_banner":11,"cataclysm:music_disc_ender_guardian":2,"minecraft:apple":5,"minecraft:stone_bricks":3,"farmersdelight:cooking_pot":3,"alexscaves:cooked_dinosaur_chop":1,"alexsmobs:cockroach_wing_fragment":18,"minecraft:warped_stem":513,"minecraft:spore_blossom":1,"minecraft:music_disc_far":1,"minecraft:stone_pickaxe":3,"cozy_home:dark_oak_grandfather_clock":1,"minecraft:arms_up_pottery_sherd":2,"minecraft:iron_sword":9,"minecraft:flowering_azalea":1,"alexscaves:coprolith":52,"minecraft:smooth_basalt":3,"minecraft:dark_oak_slab":1,"beautify:bookstack":2,"alexscaves:moth_dust":18,"aquamirae:ship_graveyard_echo":2,"minecraft:sweet_berries":16,"minecraft:sculk":21,"minecraft:red_wool":1,"minecraft:gravel":135,"minecraft:spruce_sapling":7,"minecraft:spruce_log":31,"minecraft:leather_helmet":1,"alexsmobs:centipede_leggings":10,"minecraft:diamond_shovel":3,"minecraft:slime_ball":19,"minecraft:stone_axe":1,"minecraft:snort_pottery_sherd":2,"cozy_home:warped_grandfather_clock":18,"minecraft:diamond_axe":5,"minecraft:gray_wool":3,"minecraft:warped_roots":20,"alexscaves:cave_map":1,"minecraft:baked_potato":7,"cataclysm:sandstone_poison_dart_trap":1,"minecraft:warped_nylium":6,"minecraft:mangrove_propagule":1,"minecraft:ender_pearl":114,"minecraft:shulker_shell":4,"minecraft:music_disc_strad":1,"alexsmobs:maraca":4,"minecraft:wheat":320,"alexscaves:cave_tablet":30,"minecraft:calibrated_sculk_sensor":1,"minecraft:potion":1,"minecraft:gilded_blackstone":1,"alexsmobs:gazelle_horn":4,"minecraft:raw_copper":22,"aquamirae:pirate_pouch":14,"minecraft:oak_hanging_sign":1,"minecraft:iron_leggings":10,"minecraft:experience_bottle":13,"alexsmobs:triops_eggs":1,"alexsmobs:dropbear_claw":6,"alexsmobs:blood_sac":9,"minecraft:red_sand":1,"minecraft:bucket":4,"waystones:return_scroll":2,"minecraft:cobblestone_slab":9,"minecraft:calcite":2,"minecraft:azalea":1,"minecraft:iron_pickaxe":22,"cataclysm:khopesh":5,"alexsmobs:raccoon_tail":4,"farmersdelight:cabbage_seeds":4,"minecraft:iron_boots":8,"minecraft:furnace":14,"minecraft:stick":85,"alexscaves:thornwood_boat":2,"minecraft:brown_terracotta":4,"minecraft:oak_fence":5,"minecraft:torch":289,"minecraft:spruce_stairs":20,"alexsmobs:fedora":2,"minecraft:porkchop":71,"alexscaves:vesper_stew":6,"minecraft:diorite":99,"minecraft:sniffer_egg":2,"minecraft:quartz_block":1,"alexscaves:corrodent_teeth":7,"minecraft:cactus":1,"minecraft:rotten_flesh":135,"minecraft:music_disc_ward":1,"minecraft:mangrove_roots":2,"minecraft:music_disc_wait":1,"minecraft:deepslate_brick_stairs":2,"minecraft:obsidian":22,"minecraft:cod":6,"minecraft:cobblestone":1169,"minecraft:repeater":2,"minecraft:andesite":57,"minecraft:golden_leggings":1,"minecraft:potato":2,"alexscaves:cave_book":1,"minecraft:tuff":138,"minecraft:smooth_sandstone_stairs":2,"minecraft:danger_pottery_sherd":1,"minecraft:acacia_boat":9,"minecraft:lapis_lazuli":391,"minecraft:dirt":488,"minecraft:cut_sandstone_slab":7,"minecraft:name_tag":6,"minecraft:leather_boots":1,"minecraft:glass":55,"minecraft:bone":550,"minecraft:acacia_planks":71,"minecraft:bow":39,"minecraft:wheat_seeds":66,"aquamirae:wisteria_niveis":2,"minecraft:raw_gold":139,"minecraft:mossy_stone_bricks":130,"minecraft:bamboo":31,"alexsmobs:blobfish":40,"minecraft:oak_planks":86,"minecraft:ghast_tear":1,"minecraft:cooked_porkchop":17,"minecraft:music_disc_13":1,"minecraft:poisonous_potato":1,"minecraft:polished_blackstone_slab":2,"minecraft:sand":367,"minecraft:dead_bush":4,"minecraft:grass_block":2,"minecraft:chiseled_sandstone":6,"minecraft:mossy_cobblestone":21,"minecraft:light_gray_terracotta":6,"cataclysm:music_disc_netherite_monstrosity":1,"minecraft:sugar":1,"minecraft:diamond":106,"minecraft:spruce_boat":2,"waystones:waystone":1,"minecraft:polished_blackstone_button":2,"minecraft:cracked_polished_blackstone_bricks":30,"alexsmobs:rattlesnake_rattle":5,"minecraft:crossbow":19,"minecraft:golden_apple":27,"alexsmobs:moose_ribs":2,"minecraft:emerald":110,"cataclysm:sandstone_ignite_trap":15,"minecraft:oak_sapling":10,"minecraft:chorus_fruit":9,"minecraft:netherrack":373,"minecraft:mud_brick_slab":4,"minecraft:azure_bluet":1,"minecraft:chicken":18,"minecraft:brown_mushroom":4,"minecraft:wooden_pickaxe":5,"minecraft:pink_wool":1,"alexsmobs:roadrunner_feather":4,"minecraft:gold_block":1,"minecraft:shield":14,"farmersdelight:diamond_knife":2,"minecraft:oak_trapdoor":5,"minecraft:moss_carpet":8,"minecraft:iron_axe":10,"minecraft:wooden_sword":1,"minecraft:item_frame":1,"minecraft:quartz_slab":7,"alexscaves:dinosaur_chop":1,"minecraft:blackstone":18,"minecraft:candle":3,"minecraft:echo_shard":2,"minecraft:oak_boat":4,"alexsmobs:elastic_tendon":4,"minecraft:light_gray_wool":4,"minecraft:lectern":272,"minecraft:sugar_cane":14,"farmersdelight:golden_knife":2,"alexsmobs:skelewag_sword":4,"minecraft:spruce_trapdoor":2,"minecraft:phantom_membrane":10,"minecraft:raw_iron":811,"minecraft:music_disc_relic":2,"minecraft:note_block":3,"minecraft:polished_blackstone_bricks":209,"minecraft:cookie":12,"minecraft:trident":9,"alexsmobs:crocodile_scute":1,"minecraft:dark_oak_planks":5,"minecraft:arrow":1243,"alexscaves:dark_tatters":39,"minecraft:pumpkin_pie":6,"alexscaves:spelunkery_table":5,"minecraft:saddle":3,"alexscaves:vesper_wing":19,"minecraft:nether_brick_wall":1,"minecraft:skeleton_skull":1,"minecraft:basalt":12,"cozy_home:quartz_storage_counter":2,"minecraft:golden_carrot":32,"minecraft:glow_ink_sac":1,"minecraft:salmon":2,"minecraft:cut_sandstone":5,"minecraft:leather":137,"minecraft:music_disc_stal":2,"alexscaves:forsaken_idol":7,"minecraft:birch_planks":1,"alexsmobs:cachalot_whale_tooth":2,"minecraft:mushroom_stew":3,"minecraft:crimson_fungus":4,"minecraft:yellow_glazed_terracotta":19,"minecraft:nether_wart_block":1,"minecraft:gunpowder":35,"minecraft:deepslate_tile_slab":4,"minecraft:orange_terracotta":31,"alexsmobs:unsettling_kimono":3,"minecraft:cooked_mutton":8,"minecraft:smooth_sandstone":4,"cataclysm:music_disc_the_leviathan":2,"alexscaves:thornwood_planks":1,"cataclysm:sandstorm_in_a_bottle":5,"minecraft:rabbit_hide":2,"minecraft:spruce_wood":2,"minecraft:iron_ingot":116,"minecraft:cooked_chicken":4,"minecraft:oxidized_cut_copper":2,"alexsmobs:music_disc_daze":1,"minecraft:music_disc_chirp":1,"minecraft:book":767,"minecraft:sculk_catalyst":1,"minecraft:oak_slab":1,"minecraft:warped_fungus":8,"minecraft:brush":3,"minecraft:quartz":1198,"minecraft:dandelion":7,"minecraft:raw_iron_block":2,"minecraft:lava_bucket":1,"cataclysm:desert_eye":9,"minecraft:amethyst_shard":13,"minecraft:soul_torch":23,"cataclysm:remnant_skull":2,"minecraft:blast_furnace":7,"minecraft:white_bed":11,"minecraft:spider_eye":33,"usefulbackpacks:backpack_large":6,"minecraft:brick_slab":2,"alexsmobs:raw_catfish":3,"minecraft:sculk_sensor":2,"minecraft:dried_kelp_block":9,"minecraft:iron_helmet":10,"alexscaves:desolate_dagger":4,"minecraft:terracotta":3,"minecraft:damaged_anvil":5,"minecraft:black_wool":2,"minecraft:coal":1429}},"DataVersion":3465}