{"stats":{"minecraft:custom":{"minecraft:interact_with_crafting_table":160,"minecraft:open_barrel":12,"minecraft:bell_ring":3,"minecraft:leave_game":54,"minecraft:time_since_death":316466,"minecraft:sprint_one_cm":2503385,"minecraft:damage_blocked_by_shield":7070,"minecraft:drop":139,"minecraft:talked_to_villager":131,"minecraft:play_time":1176563,"minecraft:deaths":11,"minecraft:jump":19072,"minecraft:interact_with_brewingstand":11,"minecraft:walk_on_water_one_cm":207982,"minecraft:enchant_item":9,"minecraft:interact_with_furnace":347,"minecraft:traded_with_villager":169,"minecraft:interact_with_loom":28,"minecraft:sleep_in_bed":7,"minecraft:waystone_activated":14,"minecraft:damage_dealt":62168,"minecraft:crouch_one_cm":117675,"minecraft:interact_with_smoker":19,"minecraft:horse_one_cm":43,"minecraft:interact_with_anvil":9,"minecraft:mob_kills":969,"minecraft:climb_one_cm":9539,"minecraft:walk_one_cm":2281866,"minecraft:raid_win":1,"minecraft:sneak_time":33774,"minecraft:walk_under_water_one_cm":204262,"minecraft:boat_one_cm":1028144,"minecraft:interact_with_blast_furnace":13,"minecraft:total_world_time":1176563,"minecraft:time_since_rest":316708,"minecraft:damage_taken":20023,"minecraft:damage_absorbed":139,"minecraft:swim_one_cm":683623,"minecraft:fly_one_cm":5465943,"minecraft:open_chest":652,"minecraft:fall_one_cm":468414},"minecraft:killed":{"minecraft:cave_spider":5,"alexscaves:gloomoth":3,"minecraft:witch":3,"minecraft:spider":18,"alexsmobs:murmur":3,"minecraft:skeleton":654,"alexscaves:underzealot":39,"minecraft:chicken":4,"alexsmobs:centipede_head":7,"alexsmobs:hammerhead_shark":2,"alexsmobs:skelewag":1,"alexsmobs:triops":1,"alexsmobs:grizzly_bear":3,"minecraft:creeper":7,"minecraft:sheep":1,"minecraft:pillager":23,"minecraft:zombie":46,"alexscaves:trilocaris":1,"alexsmobs:rain_frog":1,"alexsmobs:roadrunner":2,"alexsmobs:fly":1,"minecraft:cow":11,"alexscaves:vallumraptor":1,"alexscaves:corrodent":2,"alexscaves:tremorsaurus":1,"minecraft:evoker":5,"minecraft:vex":6,"alexsmobs:tarantula_hawk":1,"alexscaves:vesper":31,"minecraft:vindicator":13,"alexscaves:watcher":4,"minecraft:slime":13,"alexsmobs:rattlesnake":4,"minecraft:drowned":6,"minecraft:husk":9,"alexsmobs:guster":3,"minecraft:bat":1,"alexsmobs:emu":7,"alexsmobs:crocodile":3,"alexsmobs:cockroach":5,"minecraft:enderman":1},"minecraft:broken":{"minecraft:iron_shovel":3,"minecraft:iron_boots":2,"minecraft:iron_chestplate":2,"minecraft:iron_leggings":2,"minecraft:shield":3,"minecraft:iron_pickaxe":6,"minecraft:iron_helmet":2},"minecraft:killed_by":{"minecraft:pillager":1,"minecraft:zombie":1,"alexsmobs:komodo_dragon":1,"minecraft:vex":3,"minecraft:player":1,"alexsmobs:centipede_head":1,"cataclysm:ancient_remnant":2},"minecraft:mined":{"minecraft:dark_oak_planks":2,"alexscaves:guanostone":85,"minecraft:large_amethyst_bud":3,"minecraft:stone_pressure_plate":1,"minecraft:jungle_leaves":109,"minecraft:cave_vines_plant":1,"minecraft:budding_amethyst":2,"minecraft:grass_block":3,"minecraft:composter":3,"alexscaves:coprolith":68,"minecraft:spawner":3,"minecraft:tall_seagrass":14,"minecraft:mossy_cobblestone_slab":2,"minecraft:iron_ore":33,"minecraft:fire":2,"minecraft:cobbled_deepslate":29,"minecraft:deepslate_lapis_ore":8,"alexscaves:underweed":1,"minecraft:azalea":1,"minecraft:deepslate_redstone_ore":8,"minecraft:cut_sandstone":5,"minecraft:brown_mushroom":33,"minecraft:kelp_plant":204,"minecraft:amethyst_cluster":4,"minecraft:clay":4,"minecraft:torch":12,"alexscaves:thornwood_wood":141,"minecraft:blast_furnace":1,"minecraft:chest":2,"minecraft:dead_bush":3,"minecraft:cobblestone":115,"minecraft:oak_planks":17,"minecraft:sugar_cane":73,"minecraft:wall_torch":19,"minecraft:sniffer_egg":1,"alexscaves:thornwood_planks":1,"minecraft:amethyst_block":1,"minecraft:deepslate_copper_ore":7,"minecraft:seagrass":45,"minecraft:mud":2,"minecraft:wheat":303,"minecraft:tnt":9,"minecraft:grass":23,"minecraft:oak_log":71,"alexscaves:coprolith_coal_ore":1,"minecraft:sand":784,"minecraft:dirt":8,"minecraft:stonecutter":1,"minecraft:oak_leaves":20,"minecraft:deepslate":679,"alexscaves:spelunkery_table":4,"minecraft:tuff":34,"minecraft:red_carpet":1,"minecraft:mossy_cobblestone":56,"minecraft:deepslate_diamond_ore":30,"minecraft:candle":1,"minecraft:oak_door":2,"minecraft:end_stone":4,"minecraft:glow_lichen":1,"minecraft:dark_oak_fence":4,"alexscaves:pewen_log":1,"minecraft:spruce_leaves":13,"minecraft:kelp":8,"minecraft:sandstone":29,"minecraft:moss_block":3,"alexscaves:thornwood_branch":46,"minecraft:large_fern":2,"minecraft:hay_block":80,"minecraft:redstone_ore":3,"minecraft:packed_mud":74,"alexscaves:thornwood_stairs":1,"minecraft:furnace":4,"minecraft:carrots":65,"minecraft:chiseled_sandstone":9,"minecraft:andesite":1,"minecraft:detector_rail":1,"minecraft:big_dripleaf_stem":1,"minecraft:bookshelf":261,"minecraft:cobblestone_slab":1,"minecraft:deepslate_iron_ore":124,"minecraft:stone":99,"minecraft:acacia_leaves":137,"minecraft:glass_pane":4,"alexscaves:porous_coprolith":2,"minecraft:crafting_table":14,"minecraft:emerald_ore":2,"minecraft:lectern":2,"minecraft:copper_ore":2,"minecraft:tall_grass":7,"minecraft:lapis_ore":6,"farmersdelight:wild_tomatoes":13,"minecraft:deepslate_gold_ore":25,"minecraft:diorite":4,"minecraft:blue_bed":1,"minecraft:big_dripleaf":1,"minecraft:cactus":1,"minecraft:spruce_log":11,"minecraft:birch_leaves":1,"alexscaves:thornwood_log":62,"minecraft:coal_ore":68,"alexscaves:cycad":1,"minecraft:gravel":3,"alexscaves:guano_layer":14,"minecraft:terracotta":2,"minecraft:gold_ore":2,"minecraft:fern":2},"minecraft:used":{"alexsmobs:emu_egg":1,"minecraft:moss_block":6,"minecraft:iron_shovel":754,"minecraft:oak_sign":1,"minecraft:shield":215,"minecraft:chest":12,"minecraft:iron_sword":525,"minecraft:nether_wart":6,"minecraft:rotten_flesh":1,"minecraft:iron_chestplate":1,"minecraft:soul_sand":6,"minecraft:mutton":1,"alexsmobs:pocket_sand":59,"minecraft:carrot":132,"minecraft:tuff":5,"minecraft:spruce_boat":1,"alexscaves:vesper_stew":13,"minecraft:packed_mud":48,"minecraft:mossy_cobblestone_slab":44,"minecraft:bow":458,"alexscaves:spawn_egg_vesper":10,"alexscaves:thornwood_boat":10,"minecraft:oak_sapling":6,"minecraft:furnace":28,"minecraft:diorite":1,"minecraft:diamond_boots":1,"minecraft:oak_planks":51,"minecraft:sandstone":29,"minecraft:ender_pearl":1,"minecraft:sugar_cane":3,"minecraft:diamond_axe":318,"minecraft:blue_bed":1,"minecraft:cookie":4,"minecraft:golden_apple":2,"minecraft:sand":2,"alexscaves:cave_book":27,"minecraft:blast_furnace":1,"minecraft:crossbow":7,"minecraft:shears":1,"waystones:waystone":2,"minecraft:string":3,"minecraft:bread":277,"alexscaves:guanostone":130,"minecraft:gravel":2,"minecraft:diamond_sword":619,"minecraft:dark_oak_fence":1,"minecraft:chest_minecart":1,"minecraft:oak_boat":8,"minecraft:coarse_dirt":1,"minecraft:bone_meal":587,"minecraft:experience_bottle":246,"alexscaves:thornwood_planks":8,"minecraft:oak_door":1,"minecraft:torch":384,"minecraft:dirt":7,"alexsmobs:maraca":8,"minecraft:diamond_helmet":3,"alexscaves:spawn_egg_underzealot":16,"minecraft:mossy_cobblestone_stairs":12,"alexsmobs:maggot":2,"alexscaves:coprolith":51,"minecraft:iron_axe":301,"minecraft:smooth_sandstone":1,"minecraft:iron_boots":2,"minecraft:totem_of_undying":1,"minecraft:diamond_chestplate":1,"alexscaves:spelunkery_table":2,"minecraft:golden_carrot":15,"minecraft:goat_horn":17,"alexsmobs:novelty_hat":1,"alexscaves:thornwood_stairs":1,"minecraft:cooked_beef":44,"minecraft:cobbled_deepslate":186,"cataclysm:remnant_skull":2,"minecraft:iron_leggings":2,"minecraft:wheat_seeds":532,"minecraft:water_bucket":155,"minecraft:amethyst_block":1,"farmersdelight:skillet":51,"minecraft:glass_bottle":6,"cataclysm:khopesh":2,"minecraft:cobblestone_slab":10,"minecraft:mossy_cobblestone":8,"alexscaves:guanostone_tiles":1,"minecraft:terracotta":2,"minecraft:crafting_table":24,"minecraft:smoker":1,"minecraft:mud":17,"minecraft:diamond_pickaxe":242,"minecraft:chicken":3,"alexscaves:desolate_dagger":5,"minecraft:oak_button":1,"minecraft:iron_pickaxe":1461,"minecraft:detector_rail":1,"minecraft:cobblestone":134,"minecraft:jungle_door":1,"minecraft:bucket":156,"minecraft:glass_pane":1,"minecraft:pumpkin_pie":7,"alexsmobs:animal_dictionary":37,"minecraft:splash_potion":5},"minecraft:dropped":{"minecraft:diamond_axe":1,"minecraft:glow_ink_sac":8,"minecraft:diamond":10,"minecraft:crafting_table":1,"alexscaves:burrowing_arrow":1,"minecraft:crossbow":1,"minecraft:leather":2,"minecraft:saddle":1,"minecraft:emerald":2,"minecraft:cut_sandstone":1,"minecraft:jungle_sapling":2,"alexscaves:cave_map":4,"minecraft:bone_meal":1,"minecraft:sand":49,"minecraft:white_wool":8,"alexscaves:cycad":6,"minecraft:blue_bed":1,"minecraft:gold_ingot":3,"minecraft:bone":8,"cataclysm:remnant_skull":2,"minecraft:gravel":1,"alexsmobs:centipede_leg":2,"alexscaves:spawn_egg_underzealot":1,"minecraft:lever":256,"alexsmobs:animal_dictionary":2,"minecraft:cobbled_deepslate":64,"alexsmobs:crocodile_egg":1,"alexscaves:cave_tablet":26,"minecraft:obsidian":1,"minecraft:rotten_flesh":18,"minecraft:recovery_compass":1,"minecraft:leather_boots":1,"alexscaves:cooked_dinosaur_chop":1,"minecraft:arrow":64,"minecraft:beef":3,"minecraft:splash_potion":1,"minecraft:bread":62,"minecraft:wheat_seeds":7,"minecraft:iron_helmet":1,"minecraft:feather":6,"minecraft:cobblestone":4,"minecraft:golden_apple":1,"minecraft:calibrated_sculk_sensor":1,"alexsmobs:maraca":1,"minecraft:dried_kelp_block":10,"minecraft:torch":25,"minecraft:diamond_helmet":1,"minecraft:iron_leggings":2,"alexsmobs:centipede_leggings":1,"minecraft:iron_shovel":1,"minecraft:string":3,"alexscaves:desolate_dagger":1,"minecraft:raw_iron":12,"farmersdelight:cabbage_seeds":6,"minecraft:clay_ball":80,"minecraft:iron_boots":1,"alexscaves:cave_codex":1,"minecraft:filled_map":1,"minecraft:diamond_sword":3,"minecraft:shield":1,"alexscaves:vesper_stew":8,"alexsmobs:pocket_sand":1,"minecraft:stone_pressure_plate":1,"cataclysm:monstrous_helm":1,"minecraft:diamond_boots":1,"minecraft:bow":14,"alexscaves:spawn_egg_vesper":1,"alexsmobs:shark_tooth":1,"alexsmobs:novelty_hat":3,"farmersdelight:tomato":3},"minecraft:crafted":{"minecraft:oak_planks":244,"minecraft:cobblestone_slab":12,"alexscaves:thornwood_boat":3,"usefulbackpacks:backpack_small":1,"minecraft:diamond_shovel":1,"minecraft:glass":508,"minecraft:diamond_helmet":1,"minecraft:bow":10,"minecraft:diamond_leggings":2,"minecraft:iron_boots":2,"minecraft:mossy_cobblestone_slab":42,"minecraft:chest":11,"minecraft:dried_kelp_block":70,"alexscaves:vesper_stew":20,"minecraft:smoker":1,"minecraft:glass_bottle":3,"minecraft:emerald":160,"minecraft:diamond_axe":1,"minecraft:crafting_table":13,"minecraft:spruce_planks":44,"minecraft:iron_helmet":3,"minecraft:iron_chestplate":2,"minecraft:paper":126,"minecraft:diamond_pickaxe":2,"minecraft:shield":7,"minecraft:stick":148,"minecraft:iron_ingot":142,"minecraft:iron_pickaxe":6,"minecraft:gold_ingot":27,"minecraft:shears":1,"minecraft:golden_carrot":6,"minecraft:furnace":25,"minecraft:mossy_cobblestone_stairs":12,"alexscaves:burrowing_arrow":4,"minecraft:bone_meal":4112,"alexscaves:cave_map":6,"alexscaves:thornwood_planks":168,"minecraft:glass_pane":1344,"alexsmobs:pocket_sand":1,"minecraft:iron_axe":2,"minecraft:diamond_boots":2,"usefulbackpacks:backpack_medium":1,"minecraft:spruce_boat":1,"minecraft:wheat":657,"minecraft:cooked_beef":5,"minecraft:bone_block":385,"minecraft:diamond_sword":1,"minecraft:dried_kelp":687,"minecraft:iron_sword":2,"minecraft:bowl":12,"minecraft:bucket":1,"minecraft:enchanted_book":9,"minecraft:bread":317,"minecraft:air":0,"minecraft:oak_boat":3,"alexsmobs:maraca":1,"handcrafted:hammer":1,"minecraft:iron_shovel":3,"minecraft:iron_leggings":4,"minecraft:torch":220,"minecraft:diamond_chestplate":1},"minecraft:picked_up":{"minecraft:iron_chestplate":4,"minecraft:wheat":528,"minecraft:sentry_armor_trim_smithing_template":3,"alexscaves:guanostone_tiles":1,"minecraft:diamond_sword":9,"alexscaves:cave_tablet":46,"minecraft:calibrated_sculk_sensor":1,"alexscaves:trilocaris_tail":3,"minecraft:amethyst_block":1,"minecraft:music_disc_cat":1,"minecraft:string":42,"minecraft:raw_copper":32,"minecraft:iron_leggings":11,"minecraft:oak_sign":1,"alexsmobs:emu_feather":11,"alexsmobs:banana":1,"minecraft:gold_nugget":75,"minecraft:cobbled_deepslate":831,"waystones:return_scroll":1,"minecraft:azalea":1,"minecraft:iron_pickaxe":13,"cataclysm:khopesh":3,"farmersdelight:cabbage_seeds":9,"minecraft:iron_boots":11,"minecraft:furnace":4,"minecraft:golden_helmet":1,"minecraft:stick":23,"alexscaves:thornwood_wood":134,"alexscaves:thornwood_boat":7,"handcrafted:white_sheet":112,"minecraft:jungle_door":1,"minecraft:composter":3,"minecraft:big_dripleaf":3,"minecraft:torch":136,"alexscaves:heavy_bone":2,"minecraft:dried_kelp":84,"alexscaves:vesper_stew":1,"minecraft:cherry_log":35,"minecraft:diorite":6,"minecraft:golden_chestplate":1,"alexsmobs:centipede_leg":22,"minecraft:goat_horn":2,"minecraft:sniffer_egg":1,"alexscaves:corrodent_teeth":2,"minecraft:cactus":3,"minecraft:rotten_flesh":98,"minecraft:tropical_fish":7,"alexsmobs:emu_egg":4,"farmersdelight:rope":53,"minecraft:cobblestone":334,"minecraft:mossy_cobblestone_slab":2,"minecraft:dune_armor_trim_smithing_template":4,"minecraft:feather":8,"minecraft:cooked_beef":59,"minecraft:magma_cream":6,"minecraft:water_bucket":3,"minecraft:andesite":1,"alexsmobs:bear_fur":9,"alexscaves:cave_book":1,"minecraft:tuff":36,"alexscaves:thornwood_stairs":1,"minecraft:lapis_lazuli":229,"farmersdelight:tomato":3,"minecraft:dirt":15,"minecraft:lantern":2,"minecraft:leather_boots":3,"minecraft:glass":84,"minecraft:bone":1308,"minecraft:stonecutter":1,"minecraft:bow":74,"minecraft:wheat_seeds":1240,"alexscaves:guano":138,"minecraft:raw_gold":27,"minecraft:diamond_helmet":7,"minecraft:moss_block":4,"alexscaves:porous_coprolith":1,"minecraft:oak_planks":107,"minecraft:music_disc_13":1,"alexsmobs:shark_tooth":1,"alexsmobs:crocodile_egg":4,"minecraft:sand":914,"minecraft:ink_sac":9,"minecraft:dead_bush":1,"alexsmobs:novelty_hat":5,"minecraft:chiseled_sandstone":8,"alexsmobs:animal_dictionary":5,"minecraft:mossy_cobblestone":90,"alexscaves:occult_gem":1,"alexsmobs:guster_eye":3,"minecraft:diamond":44,"minecraft:spruce_boat":1,"waystones:waystone":1,"cataclysm:sandstone_falling_trap":1,"alexsmobs:rattlesnake_rattle":4,"minecraft:crossbow":3,"minecraft:bone_meal":529,"minecraft:golden_apple":10,"minecraft:golden_horse_armor":1,"minecraft:emerald":33,"minecraft:bread":123,"alexsmobs:maggot":2,"cataclysm:sandstone_ignite_trap":7,"minecraft:oak_sapling":6,"minecraft:dark_oak_fence":1,"minecraft:diamond_pickaxe":11,"minecraft:crafting_table":16,"minecraft:mud":334,"minecraft:coarse_dirt":3,"minecraft:chicken":6,"minecraft:nether_wart":26,"minecraft:clay_ball":80,"minecraft:chest_minecart":1,"minecraft:brown_mushroom":35,"cataclysm:monstrous_helm":1,"usefulbackpacks:backpack_medium":8,"alexscaves:thornwood_branch":51,"minecraft:shield":6,"alexscaves:cave_codex":1,"minecraft:moss_carpet":2,"minecraft:iron_axe":3,"minecraft:flint_and_steel":1,"minecraft:iron_shovel":1,"minecraft:glass_pane":1044,"minecraft:candle":2,"minecraft:detector_rail":1,"alexscaves:burrowing_arrow":10,"minecraft:beef":34,"minecraft:oak_boat":6,"alexsmobs:elastic_tendon":1,"alexscaves:thornwood_log":59,"minecraft:jungle_sapling":2,"minecraft:lectern":2,"minecraft:sugar_cane":141,"minecraft:chest":5,"minecraft:phantom_membrane":5,"minecraft:diamond_hoe":1,"alexsmobs:pocket_sand":2,"minecraft:raw_iron":186,"minecraft:sandstone":29,"minecraft:end_stone":3,"alexscaves:guanostone":82,"minecraft:oak_door":2,"alexscaves:cycad":6,"minecraft:copper_ingot":1,"minecraft:bowl":1,"farmersdelight:tomato_seeds":19,"minecraft:cookie":4,"minecraft:trident":1,"minecraft:carrot":529,"minecraft:redstone":88,"minecraft:stone_pressure_plate":1,"minecraft:iron_horse_armor":3,"alexsmobs:crocodile_scute":9,"minecraft:dark_oak_planks":2,"minecraft:tnt":9,"minecraft:arrow":2060,"minecraft:diamond_chestplate":4,"alexscaves:dark_tatters":43,"minecraft:pumpkin_pie":10,"minecraft:shears":1,"minecraft:diamond_boots":1,"minecraft:hay_block":91,"alexscaves:spelunkery_table":6,"minecraft:saddle":12,"minecraft:gold_ingot":6,"minecraft:totem_of_undying":7,"alexscaves:vesper_wing":24,"minecraft:glow_berries":2,"minecraft:mutton":1,"minecraft:white_wool":16,"minecraft:oxeye_daisy":2,"minecraft:golden_carrot":9,"minecraft:glow_ink_sac":16,"minecraft:leather":17,"minecraft:cut_sandstone":2,"alexsmobs:acacia_blossom":2,"minecraft:red_mushroom":36,"minecraft:filled_map":2,"minecraft:packed_mud":69,"minecraft:oak_log":71,"minecraft:jungle_button":1,"minecraft:golden_boots":1,"minecraft:gunpowder":27,"minecraft:blue_bed":2,"minecraft:paper":53,"minecraft:smooth_sandstone":1,"minecraft:red_carpet":1,"minecraft:kelp":1344,"alexscaves:cooked_dinosaur_chop":1,"alexscaves:thornwood_planks":1,"alexsmobs:cockroach_wing_fragment":5,"cataclysm:sandstorm_in_a_bottle":6,"minecraft:iron_ingot":2,"minecraft:glass_bottle":10,"minecraft:iron_sword":4,"alexscaves:coprolith":65,"minecraft:book":808,"alexscaves:moth_dust":1,"minecraft:red_wool":1,"minecraft:dandelion":2,"minecraft:gravel":4,"minecraft:amethyst_shard":24,"cataclysm:remnant_skull":1,"minecraft:blast_furnace":1,"minecraft:white_bed":1,"minecraft:spruce_log":11,"minecraft:spider_eye":8,"alexsmobs:centipede_leggings":1,"minecraft:dried_kelp_block":50,"minecraft:slime_ball":8,"minecraft:iron_helmet":3,"minecraft:diamond_axe":4,"alexscaves:cave_map":3,"minecraft:oak_button":1,"alexscaves:desolate_dagger":3,"minecraft:terracotta":2,"minecraft:melon_seeds":9,"minecraft:coal":73,"minecraft:ender_pearl":1}},"DataVersion":3465}