{"stats":{"minecraft:custom":{"minecraft:interact_with_crafting_table":186,"minecraft:open_barrel":12,"minecraft:bell_ring":3,"minecraft:leave_game":55,"minecraft:time_since_death":8524,"minecraft:sprint_one_cm":2813805,"minecraft:damage_blocked_by_shield":7925,"minecraft:drop":244,"minecraft:talked_to_villager":133,"minecraft:play_time":1350290,"minecraft:deaths":14,"minecraft:jump":21089,"minecraft:interact_with_brewingstand":11,"minecraft:walk_on_water_one_cm":224732,"minecraft:enchant_item":14,"minecraft:interact_with_furnace":401,"minecraft:traded_with_villager":191,"minecraft:interact_with_loom":28,"minecraft:sleep_in_bed":7,"minecraft:waystone_activated":17,"minecraft:open_enderchest":4,"minecraft:damage_dealt":68511,"minecraft:crouch_one_cm":135492,"minecraft:interact_with_smoker":19,"minecraft:inspect_dispenser":1,"minecraft:horse_one_cm":43,"minecraft:inspect_dropper":1,"minecraft:interact_with_anvil":16,"minecraft:mob_kills":1485,"minecraft:climb_one_cm":11537,"minecraft:walk_one_cm":2623697,"minecraft:raid_win":1,"minecraft:sneak_time":39436,"minecraft:walk_under_water_one_cm":209031,"minecraft:boat_one_cm":1028144,"minecraft:interact_with_blast_furnace":17,"minecraft:total_world_time":1350290,"minecraft:interact_with_grindstone":3,"minecraft:time_since_rest":8553,"minecraft:damage_taken":23704,"minecraft:damage_absorbed":304,"minecraft:swim_one_cm":699371,"minecraft:fly_one_cm":5974804,"minecraft:open_chest":813,"minecraft:fall_one_cm":522335},"minecraft:killed":{"minecraft:cave_spider":5,"alexscaves:gloomoth":3,"cataclysm:the_prowler":1,"minecraft:witch":3,"minecraft:spider":18,"alexsmobs:murmur":3,"minecraft:skeleton":656,"alexscaves:underzealot":39,"minecraft:chicken":4,"alexsmobs:centipede_head":7,"alexsmobs:hammerhead_shark":2,"alexsmobs:skelewag":1,"alexsmobs:triops":1,"alexsmobs:grizzly_bear":3,"minecraft:creeper":8,"minecraft:sheep":1,"minecraft:pillager":28,"minecraft:zombie":46,"alexscaves:trilocaris":1,"alexsmobs:rain_frog":1,"alexsmobs:roadrunner":2,"alexsmobs:fly":1,"minecraft:cow":11,"alexscaves:vallumraptor":1,"alexscaves:corrodent":2,"alexscaves:tremorsaurus":1,"minecraft:evoker":5,"minecraft:vex":6,"alexsmobs:tarantula_hawk":2,"alexscaves:vesper":31,"alexscaves:watcher":4,"minecraft:vindicator":15,"minecraft:slime":13,"alexsmobs:rattlesnake":4,"minecraft:phantom":7,"minecraft:drowned":6,"minecraft:husk":9,"alexsmobs:guster":3,"cataclysm:the_watcher":7,"minecraft:bat":1,"alexsmobs:emu":7,"alexsmobs:crocodile":3,"alexsmobs:cockroach":5,"minecraft:enderman":487},"minecraft:broken":{"minecraft:iron_shovel":3,"minecraft:iron_boots":2,"minecraft:iron_chestplate":2,"minecraft:iron_leggings":2,"minecraft:shield":3,"minecraft:iron_pickaxe":6,"minecraft:iron_helmet":2},"minecraft:killed_by":{"minecraft:pillager":1,"minecraft:zombie":1,"alexsmobs:komodo_dragon":1,"cataclysm:the_harbinger":1,"minecraft:vex":3,"minecraft:player":2,"alexsmobs:centipede_head":1,"cataclysm:ancient_remnant":2},"minecraft:mined":{"minecraft:dark_oak_planks":2,"alexscaves:guanostone":85,"minecraft:large_amethyst_bud":3,"minecraft:stone_pressure_plate":1,"minecraft:jungle_leaves":109,"cataclysm:stone_pillar":1,"minecraft:cave_vines_plant":1,"minecraft:budding_amethyst":2,"minecraft:grass_block":3,"minecraft:deepslate_bricks":8,"minecraft:composter":3,"alexscaves:coprolith":68,"minecraft:spawner":3,"minecraft:tall_seagrass":14,"minecraft:mossy_cobblestone_slab":2,"minecraft:iron_ore":33,"minecraft:fire":7,"minecraft:cobbled_deepslate":31,"minecraft:deepslate_lapis_ore":8,"alexscaves:underweed":1,"minecraft:deepslate_brick_stairs":1,"minecraft:azalea":1,"minecraft:cut_sandstone":5,"minecraft:deepslate_redstone_ore":8,"minecraft:brown_mushroom":33,"minecraft:kelp_plant":204,"minecraft:amethyst_cluster":4,"minecraft:clay":4,"minecraft:torch":22,"alexscaves:thornwood_wood":141,"minecraft:blast_furnace":1,"minecraft:chest":5,"minecraft:dead_bush":3,"minecraft:cobblestone":115,"minecraft:oak_planks":17,"minecraft:sugar_cane":73,"minecraft:wall_torch":22,"minecraft:sniffer_egg":1,"alexscaves:thornwood_planks":1,"minecraft:amethyst_block":1,"minecraft:deepslate_copper_ore":7,"minecraft:seagrass":45,"minecraft:mud":2,"minecraft:wheat":303,"minecraft:tnt":9,"minecraft:grass":23,"minecraft:oak_log":79,"alexscaves:coprolith_coal_ore":1,"minecraft:sand":1829,"minecraft:dirt":8,"minecraft:polished_deepslate_wall":2,"minecraft:dispenser":1,"minecraft:stonecutter":1,"minecraft:oak_leaves":25,"minecraft:deepslate":679,"alexscaves:spelunkery_table":4,"minecraft:tuff":34,"minecraft:red_carpet":1,"minecraft:mossy_cobblestone":56,"minecraft:deepslate_diamond_ore":30,"minecraft:candle":1,"minecraft:oak_door":2,"minecraft:end_stone":4,"minecraft:glow_lichen":1,"minecraft:dark_oak_fence":4,"alexscaves:pewen_log":1,"minecraft:kelp":8,"minecraft:spruce_leaves":14,"minecraft:sandstone":29,"minecraft:moss_block":3,"alexscaves:thornwood_branch":46,"minecraft:large_fern":2,"minecraft:hay_block":80,"minecraft:redstone_ore":3,"minecraft:packed_mud":74,"alexscaves:thornwood_stairs":1,"minecraft:furnace":4,"minecraft:carrots":65,"minecraft:polished_basalt":2,"minecraft:chiseled_sandstone":9,"minecraft:andesite":2,"minecraft:detector_rail":1,"minecraft:big_dripleaf_stem":1,"minecraft:bookshelf":261,"minecraft:cobblestone_slab":1,"minecraft:deepslate_iron_ore":124,"minecraft:packed_ice":13,"minecraft:stone":137,"minecraft:scaffolding":1,"minecraft:acacia_leaves":137,"minecraft:glass_pane":4,"alexscaves:porous_coprolith":2,"minecraft:observer":3,"minecraft:crafting_table":14,"minecraft:emerald_ore":2,"minecraft:dropper":2,"minecraft:lectern":2,"minecraft:copper_ore":2,"minecraft:tall_grass":7,"minecraft:dried_kelp_block":6,"minecraft:lapis_ore":6,"farmersdelight:wild_tomatoes":13,"minecraft:deepslate_gold_ore":25,"minecraft:diorite":4,"minecraft:blue_bed":1,"minecraft:big_dripleaf":1,"minecraft:cactus":1,"minecraft:redstone_torch":2,"minecraft:spruce_log":11,"minecraft:birch_leaves":1,"alexscaves:thornwood_log":62,"minecraft:coal_ore":124,"alexscaves:cycad":1,"minecraft:gravel":3,"alexscaves:guano_layer":14,"minecraft:terracotta":2,"minecraft:polished_blackstone":3,"minecraft:gold_ore":2,"minecraft:fern":2},"minecraft:used":{"minecraft:moss_block":6,"minecraft:iron_shovel":754,"minecraft:dispenser":1,"minecraft:oak_sign":1,"minecraft:shield":217,"minecraft:chest":15,"minecraft:iron_sword":525,"minecraft:nether_wart":6,"minecraft:rotten_flesh":1,"minecraft:iron_chestplate":1,"minecraft:soul_sand":6,"minecraft:mutton":1,"alexsmobs:pocket_sand":59,"minecraft:carrot":151,"minecraft:tuff":5,"minecraft:spruce_boat":1,"alexscaves:vesper_stew":13,"minecraft:packed_mud":48,"minecraft:mossy_cobblestone_slab":44,"minecraft:bow":569,"alexscaves:spawn_egg_vesper":10,"alexscaves:thornwood_boat":10,"minecraft:oak_sapling":6,"minecraft:furnace":28,"minecraft:egg":2,"minecraft:diorite":1,"minecraft:diamond_boots":1,"minecraft:dropper":2,"cataclysm:mech_eye":26,"minecraft:oak_planks":51,"minecraft:sandstone":29,"minecraft:ender_pearl":11,"minecraft:sugar_cane":3,"minecraft:diamond_axe":318,"minecraft:blue_bed":1,"minecraft:cookie":4,"minecraft:golden_apple":6,"minecraft:sand":2,"alexscaves:cave_book":27,"minecraft:blast_furnace":1,"minecraft:crossbow":7,"minecraft:shears":1,"minecraft:redstone_torch":2,"waystones:waystone":2,"alexsmobs:cosmic_cod":2,"minecraft:string":3,"minecraft:bread":318,"alexscaves:guanostone":130,"minecraft:gravel":2,"minecraft:diamond_sword":809,"minecraft:chest_minecart":1,"minecraft:dark_oak_fence":1,"minecraft:coarse_dirt":1,"minecraft:oak_boat":8,"minecraft:bone_meal":587,"minecraft:experience_bottle":246,"alexscaves:thornwood_planks":8,"minecraft:ender_chest":1,"minecraft:oak_door":1,"minecraft:torch":401,"minecraft:dirt":7,"alexsmobs:maraca":8,"minecraft:anvil":1,"minecraft:diamond_helmet":4,"alexscaves:spawn_egg_underzealot":16,"minecraft:mossy_cobblestone_stairs":12,"alexsmobs:maggot":2,"alexscaves:coprolith":51,"minecraft:iron_axe":312,"minecraft:smooth_sandstone":1,"minecraft:iron_boots":3,"minecraft:totem_of_undying":2,"minecraft:diamond_chestplate":3,"alexscaves:spelunkery_table":2,"minecraft:golden_carrot":15,"minecraft:goat_horn":17,"alexsmobs:novelty_hat":1,"alexscaves:thornwood_stairs":1,"minecraft:cooked_beef":44,"minecraft:cobbled_deepslate":188,"minecraft:observer":3,"cataclysm:remnant_skull":2,"minecraft:iron_leggings":2,"minecraft:wheat_seeds":532,"minecraft:water_bucket":171,"minecraft:amethyst_block":1,"farmersdelight:skillet":51,"minecraft:glass_bottle":6,"cataclysm:khopesh":2,"minecraft:cobblestone_slab":10,"minecraft:mossy_cobblestone":8,"alexscaves:guanostone_tiles":1,"minecraft:terracotta":2,"minecraft:crafting_table":25,"minecraft:smoker":1,"minecraft:mud":17,"minecraft:diamond_pickaxe":380,"minecraft:diamond_shovel":1022,"minecraft:chicken":3,"alexscaves:desolate_dagger":5,"minecraft:oak_button":1,"minecraft:iron_pickaxe":1467,"minecraft:detector_rail":1,"minecraft:cobblestone":134,"minecraft:jungle_door":1,"minecraft:bucket":172,"minecraft:glass_pane":1,"minecraft:pumpkin_pie":7,"alexsmobs:animal_dictionary":37,"minecraft:diamond_leggings":1,"minecraft:splash_potion":5,"alexsmobs:emu_egg":1},"minecraft:dropped":{"minecraft:diamond_axe":1,"minecraft:lapis_lazuli":272,"minecraft:glow_ink_sac":8,"minecraft:spore_blossom":1,"minecraft:ender_pearl":1316,"minecraft:diamond":10,"minecraft:crafting_table":1,"alexscaves:burrowing_arrow":1,"minecraft:crossbow":1,"minecraft:leather":2,"minecraft:saddle":1,"minecraft:emerald":2,"minecraft:cut_sandstone":1,"minecraft:jungle_sapling":2,"alexscaves:cave_map":4,"minecraft:bone_meal":1,"minecraft:phantom_membrane":1,"minecraft:sand":49,"minecraft:white_wool":8,"alexscaves:cycad":6,"minecraft:blue_bed":1,"minecraft:gold_ingot":3,"minecraft:bone":8,"cataclysm:remnant_skull":2,"minecraft:gravel":1,"alexsmobs:centipede_leg":2,"alexscaves:spawn_egg_underzealot":1,"minecraft:lever":256,"alexsmobs:animal_dictionary":2,"minecraft:cobbled_deepslate":64,"alexsmobs:crocodile_egg":1,"alexscaves:cave_tablet":26,"minecraft:obsidian":1,"minecraft:rotten_flesh":18,"minecraft:recovery_compass":1,"minecraft:leather_boots":1,"minecraft:arrow":154,"alexscaves:cooked_dinosaur_chop":1,"minecraft:beef":3,"minecraft:splash_potion":1,"minecraft:enchanted_book":1,"minecraft:bread":62,"minecraft:wheat_seeds":7,"minecraft:iron_helmet":1,"minecraft:feather":6,"minecraft:cobblestone":4,"minecraft:golden_apple":1,"minecraft:calibrated_sculk_sensor":1,"alexsmobs:maraca":1,"minecraft:dried_kelp_block":10,"minecraft:torch":25,"minecraft:diamond_helmet":1,"minecraft:dried_kelp":4,"minecraft:iron_leggings":2,"alexsmobs:centipede_leggings":1,"minecraft:iron_shovel":1,"minecraft:string":3,"alexscaves:desolate_dagger":1,"alexsmobs:tarantula_hawk_wing_fragment":1,"minecraft:raw_iron":12,"farmersdelight:cabbage_seeds":6,"minecraft:clay_ball":80,"minecraft:iron_boots":1,"alexscaves:cave_codex":1,"minecraft:totem_of_undying":1,"minecraft:filled_map":1,"minecraft:diamond_sword":3,"minecraft:shield":1,"alexscaves:vesper_stew":8,"alexsmobs:pocket_sand":1,"cataclysm:void_scatter_arrow":1,"minecraft:stone_pressure_plate":1,"minecraft:spider_eye":1,"cataclysm:monstrous_helm":1,"minecraft:diamond_boots":1,"minecraft:bow":14,"alexscaves:spawn_egg_vesper":1,"alexsmobs:shark_tooth":1,"alexsmobs:novelty_hat":3,"farmersdelight:tomato":3},"minecraft:crafted":{"minecraft:ender_chest":1,"minecraft:oak_planks":276,"minecraft:cobblestone_slab":12,"alexscaves:thornwood_boat":3,"minecraft:blaze_powder":2,"usefulbackpacks:backpack_small":1,"minecraft:diamond_shovel":1,"minecraft:glass":608,"minecraft:hopper":2,"minecraft:diamond_helmet":1,"minecraft:bow":10,"minecraft:diamond_leggings":2,"minecraft:iron_boots":3,"minecraft:mossy_cobblestone_slab":42,"minecraft:chest":17,"minecraft:dried_kelp_block":75,"minecraft:ender_eye":2,"alexscaves:vesper_stew":20,"minecraft:smoker":1,"minecraft:glass_bottle":3,"minecraft:dropper":1,"minecraft:emerald":181,"minecraft:diamond_axe":1,"minecraft:crafting_table":13,"minecraft:spruce_planks":52,"minecraft:iron_helmet":3,"minecraft:dispenser":2,"minecraft:iron_chestplate":3,"minecraft:paper":126,"minecraft:diamond_pickaxe":2,"minecraft:shield":7,"minecraft:stick":152,"minecraft:iron_ingot":142,"minecraft:iron_pickaxe":7,"minecraft:iron_block":3,"minecraft:gold_ingot":27,"minecraft:redstone_torch":1,"minecraft:shears":1,"minecraft:golden_carrot":6,"minecraft:furnace":25,"minecraft:mossy_cobblestone_stairs":12,"alexscaves:burrowing_arrow":4,"minecraft:bone_meal":4112,"alexscaves:cave_map":6,"alexscaves:thornwood_planks":176,"minecraft:glass_pane":1600,"alexsmobs:pocket_sand":1,"minecraft:iron_axe":3,"minecraft:diamond_boots":2,"usefulbackpacks:backpack_medium":1,"minecraft:spruce_boat":1,"minecraft:redstone_block":4,"minecraft:observer":1,"minecraft:wheat":720,"minecraft:cooked_beef":5,"minecraft:bone_block":385,"minecraft:diamond_sword":2,"minecraft:dried_kelp":736,"minecraft:iron_sword":2,"cataclysm:mech_eye":1,"minecraft:bowl":12,"minecraft:bucket":1,"minecraft:enchanted_book":10,"minecraft:bread":338,"minecraft:air":0,"minecraft:oak_boat":3,"alexsmobs:maraca":1,"handcrafted:hammer":1,"minecraft:iron_shovel":3,"minecraft:iron_leggings":4,"minecraft:anvil":1,"minecraft:torch":224,"minecraft:diamond_chestplate":2},"minecraft:picked_up":{"alexsmobs:cosmic_cod":2,"cataclysm:void_scatter_arrow":1,"minecraft:iron_chestplate":4,"minecraft:wheat":528,"minecraft:sentry_armor_trim_smithing_template":3,"alexscaves:guanostone_tiles":1,"minecraft:diamond_sword":10,"alexscaves:cave_tablet":46,"minecraft:calibrated_sculk_sensor":1,"alexscaves:trilocaris_tail":3,"minecraft:enchanted_book":1,"minecraft:polished_deepslate_wall":3,"minecraft:amethyst_block":1,"minecraft:music_disc_cat":1,"minecraft:string":42,"minecraft:raw_copper":32,"minecraft:iron_leggings":11,"minecraft:oak_sign":1,"minecraft:diamond_leggings":1,"alexsmobs:emu_feather":11,"alexsmobs:banana":1,"minecraft:gold_nugget":75,"minecraft:cobbled_deepslate":846,"minecraft:spruce_planks":5,"waystones:return_scroll":1,"minecraft:redstone_torch":2,"minecraft:azalea":1,"minecraft:iron_pickaxe":13,"cataclysm:khopesh":3,"farmersdelight:cabbage_seeds":9,"minecraft:iron_boots":12,"minecraft:furnace":4,"minecraft:golden_helmet":1,"minecraft:stick":23,"alexscaves:thornwood_wood":134,"alexscaves:thornwood_boat":7,"handcrafted:white_sheet":112,"minecraft:jungle_door":1,"minecraft:composter":3,"minecraft:big_dripleaf":3,"minecraft:torch":149,"alexscaves:heavy_bone":2,"minecraft:dried_kelp":84,"alexscaves:vesper_stew":1,"minecraft:cherry_log":35,"minecraft:diorite":6,"minecraft:golden_chestplate":1,"alexsmobs:centipede_leg":22,"minecraft:goat_horn":2,"minecraft:sniffer_egg":1,"alexscaves:corrodent_teeth":2,"minecraft:cactus":3,"minecraft:rotten_flesh":98,"minecraft:tropical_fish":7,"farmersdelight:rope":53,"alexsmobs:emu_egg":4,"minecraft:deepslate_brick_stairs":1,"minecraft:blaze_rod":3,"cataclysm:stone_pillar":8,"minecraft:cobblestone":390,"minecraft:mossy_cobblestone_slab":2,"minecraft:dune_armor_trim_smithing_template":4,"minecraft:feather":8,"minecraft:cooked_beef":59,"minecraft:magma_cream":6,"minecraft:water_bucket":4,"minecraft:andesite":1,"alexsmobs:bear_fur":9,"alexscaves:cave_book":1,"minecraft:tuff":36,"alexscaves:thornwood_stairs":1,"minecraft:lapis_lazuli":229,"farmersdelight:tomato":3,"minecraft:dirt":22,"minecraft:lantern":2,"minecraft:leather_boots":3,"minecraft:glass":88,"minecraft:bone":1309,"minecraft:stonecutter":1,"minecraft:bow":74,"minecraft:wheat_seeds":1240,"alexscaves:guano":138,"minecraft:raw_gold":27,"minecraft:diamond_helmet":8,"minecraft:powered_rail":5,"minecraft:moss_block":4,"alexscaves:porous_coprolith":1,"minecraft:oak_planks":108,"minecraft:music_disc_13":1,"alexsmobs:shark_tooth":1,"alexsmobs:crocodile_egg":4,"minecraft:dropper":2,"minecraft:sand":1938,"minecraft:ink_sac":9,"minecraft:dead_bush":1,"alexsmobs:novelty_hat":5,"minecraft:chiseled_sandstone":8,"alexsmobs:animal_dictionary":5,"minecraft:mossy_cobblestone":90,"alexscaves:occult_gem":1,"alexsmobs:guster_eye":3,"minecraft:dispenser":1,"minecraft:diamond":44,"minecraft:spruce_boat":1,"cataclysm:mech_eye":25,"waystones:waystone":1,"cataclysm:sandstone_falling_trap":1,"alexsmobs:rattlesnake_rattle":4,"minecraft:crossbow":3,"alexsmobs:tarantula_hawk_wing_fragment":1,"minecraft:bone_meal":529,"minecraft:golden_apple":14,"minecraft:golden_horse_armor":1,"minecraft:emerald":35,"minecraft:bread":124,"alexsmobs:maggot":2,"cataclysm:sandstone_ignite_trap":7,"minecraft:oak_sapling":6,"minecraft:dark_oak_fence":1,"minecraft:nether_star":1,"minecraft:diamond_pickaxe":12,"minecraft:coarse_dirt":3,"minecraft:mud":334,"minecraft:crafting_table":17,"minecraft:chicken":6,"minecraft:nether_wart":26,"minecraft:clay_ball":80,"minecraft:chest_minecart":1,"minecraft:brown_mushroom":35,"cataclysm:monstrous_helm":1,"usefulbackpacks:backpack_medium":8,"alexscaves:thornwood_branch":51,"minecraft:shield":7,"alexscaves:cave_codex":1,"minecraft:moss_carpet":2,"minecraft:iron_axe":3,"minecraft:flint_and_steel":1,"minecraft:white_carpet":2,"minecraft:iron_shovel":1,"minecraft:glass_pane":1044,"minecraft:candle":2,"minecraft:detector_rail":1,"alexscaves:burrowing_arrow":10,"minecraft:beef":34,"minecraft:oak_boat":6,"alexsmobs:elastic_tendon":1,"alexscaves:thornwood_log":59,"minecraft:observer":2,"minecraft:jungle_sapling":2,"minecraft:sugar_cane":141,"minecraft:lectern":2,"minecraft:chest":5,"minecraft:phantom_membrane":6,"minecraft:cherry_trapdoor":4,"minecraft:diamond_hoe":1,"minecraft:egg":2,"alexsmobs:pocket_sand":2,"minecraft:raw_iron":186,"minecraft:sandstone":29,"minecraft:end_stone":3,"alexscaves:guanostone":82,"minecraft:oak_door":2,"alexscaves:cycad":6,"minecraft:copper_ingot":1,"minecraft:bowl":1,"farmersdelight:tomato_seeds":19,"minecraft:cookie":4,"minecraft:trident":1,"minecraft:carrot":529,"minecraft:redstone":99,"minecraft:iron_horse_armor":3,"alexsmobs:crocodile_scute":9,"minecraft:stone_pressure_plate":1,"minecraft:dark_oak_planks":2,"minecraft:tnt":9,"minecraft:arrow":2336,"minecraft:diamond_chestplate":5,"alexscaves:dark_tatters":43,"minecraft:pumpkin_pie":10,"minecraft:deepslate_bricks":5,"minecraft:shears":1,"minecraft:diamond_boots":1,"minecraft:hay_block":91,"alexscaves:spelunkery_table":6,"minecraft:saddle":12,"minecraft:gold_ingot":6,"minecraft:totem_of_undying":7,"alexscaves:vesper_wing":24,"minecraft:glow_berries":2,"minecraft:mutton":1,"minecraft:rail":3,"minecraft:white_wool":16,"minecraft:oxeye_daisy":2,"minecraft:golden_carrot":9,"minecraft:glow_ink_sac":16,"minecraft:leather":17,"minecraft:cut_sandstone":2,"alexsmobs:acacia_blossom":2,"minecraft:red_mushroom":36,"minecraft:filled_map":2,"minecraft:packed_mud":69,"minecraft:oak_log":79,"minecraft:jungle_button":1,"minecraft:golden_boots":1,"minecraft:gunpowder":27,"minecraft:blue_bed":2,"minecraft:paper":53,"minecraft:smooth_sandstone":1,"minecraft:red_carpet":1,"minecraft:kelp":1344,"alexscaves:cooked_dinosaur_chop":1,"alexsmobs:cockroach_wing_fragment":5,"alexscaves:thornwood_planks":1,"minecraft:spore_blossom":1,"cataclysm:sandstorm_in_a_bottle":7,"minecraft:iron_ingot":16,"minecraft:glass_bottle":10,"minecraft:iron_sword":4,"alexscaves:coprolith":65,"minecraft:book":808,"minecraft:scaffolding":1,"alexscaves:moth_dust":1,"minecraft:red_wool":1,"minecraft:dandelion":2,"minecraft:gravel":4,"minecraft:amethyst_shard":24,"cataclysm:remnant_skull":1,"minecraft:blast_furnace":1,"minecraft:white_bed":1,"minecraft:spruce_log":11,"minecraft:spider_eye":9,"alexsmobs:centipede_leggings":1,"minecraft:diamond_shovel":1,"minecraft:dried_kelp_block":56,"minecraft:slime_ball":8,"minecraft:iron_helmet":3,"minecraft:diamond_axe":5,"alexscaves:cave_map":3,"minecraft:oak_button":1,"alexscaves:desolate_dagger":4,"minecraft:terracotta":2,"minecraft:melon_seeds":9,"minecraft:coal":193,"minecraft:ender_pearl":1614}},"DataVersion":3465}