{"stats":{"minecraft:custom":{"minecraft:interact_with_crafting_table":359,"minecraft:open_barrel":333,"minecraft:bell_ring":17,"minecraft:leave_game":33,"minecraft:time_since_death":511726,"minecraft:damage_blocked_by_shield":7805,"minecraft:play_time":2362013,"minecraft:deaths":57,"minecraft:jump":26120,"minecraft:enchant_item":49,"minecraft:interact_with_furnace":458,"minecraft:play_record":10,"minecraft:traded_with_villager":576,"minecraft:interact_with_cartography_table":3,"minecraft:sleep_in_bed":17,"minecraft:waystone_activated":15,"minecraft:damage_dealt":104872,"minecraft:interact_with_smoker":38,"minecraft:interact_with_smithing_table":23,"minecraft:interact_with_anvil":51,"minecraft:sneak_time":355834,"minecraft:interact_with_lectern":5,"minecraft:interact_with_blast_furnace":140,"minecraft:total_world_time":2362013,"minecraft:tune_noteblock":41,"minecraft:interact_with_stonecutter":14,"minecraft:time_since_rest":360451,"minecraft:swim_one_cm":471300,"minecraft:fly_one_cm":7179902,"minecraft:open_chest":1943,"minecraft:fall_one_cm":608172,"minecraft:open_shulker_box":7,"minecraft:damage_resisted":457,"minecraft:sprint_one_cm":4406347,"minecraft:drop":1031,"minecraft:play_noteblock":3,"minecraft:talked_to_villager":1062,"minecraft:interact_with_brewingstand":1,"minecraft:walk_on_water_one_cm":482010,"minecraft:interact_with_loom":11,"minecraft:open_enderchest":5,"minecraft:player_kills":9,"minecraft:crouch_one_cm":1491126,"minecraft:mob_kills":3115,"minecraft:fill_cauldron":1,"minecraft:climb_one_cm":22872,"minecraft:walk_one_cm":6440044,"minecraft:raid_win":1,"minecraft:walk_under_water_one_cm":296934,"minecraft:boat_one_cm":516870,"minecraft:raid_trigger":1,"minecraft:interact_with_grindstone":4,"minecraft:damage_taken":38864,"minecraft:damage_absorbed":691,"minecraft:trigger_trapped_chest":2},"minecraft:killed":{"alexsmobs:lobster":1,"minecraft:cave_spider":3,"alexsmobs:enderiophage":2,"alexsmobs:murmur":2,"minecraft:shulker":10,"minecraft:skeleton":375,"alexscaves:underzealot":19,"cataclysm:endermaptera":13,"alexsmobs:straddler":2,"alexsmobs:centipede_head":4,"alexscaves:forsaken":1,"minecraft:skeleton_horse":1,"minecraft:magma_cube":20,"minecraft:ender_dragon":1,"alexsmobs:endergrade":1,"minecraft:pillager":49,"minecraft:zombie":80,"alexsmobs:rain_frog":1,"alexsmobs:roadrunner":2,"minecraft:cow":14,"alexscaves:corrodent":1,"minecraft:evoker":4,"alexsmobs:raccoon":2,"minecraft:endermite":2,"minecraft:vindicator":42,"alexscaves:vesper":15,"minecraft:horse":4,"alexsmobs:underminer":1,"minecraft:warden":1,"cataclysm:koboleton":35,"minecraft:husk":2,"alexsmobs:guster":2,"minecraft:ravager":3,"minecraft:enderman":2164,"alexscaves:gloomoth":1,"minecraft:witch":3,"alexsmobs:cosmic_cod":16,"minecraft:spider":20,"cataclysm:netherite_monstrosity":1,"aquamirae:tortured_soul":3,"aquamirae:golden_moth":3,"minecraft:piglin_brute":16,"minecraft:piglin":16,"alexsmobs:stradpole":2,"minecraft:creeper":20,"alexsmobs:crimson_mosquito":6,"minecraft:sheep":5,"cataclysm:ender_guardian":1,"alexsmobs:terrapin":2,"minecraft:ghast":9,"aquamirae:eel":1,"minecraft:blaze":30,"alexsmobs:bone_serpent":3,"alexsmobs:dropbear":2,"minecraft:vex":12,"alexsmobs:cosmaw":1,"minecraft:phantom":5,"minecraft:drowned":4,"alexsmobs:skreecher":3,"minecraft:bat":1,"minecraft:hoglin":2,"alexsmobs:cockroach":2,"aquamirae:anglerfish":3,"alexsmobs:gazelle":2,"minecraft:wither_skeleton":17,"minecraft:villager":2},"minecraft:broken":{"minecraft:shears":6,"minecraft:iron_axe":4,"minecraft:iron_pickaxe":5,"minecraft:iron_shovel":3,"minecraft:stone_pickaxe":1},"minecraft:killed_by":{"minecraft:piglin_brute":4,"minecraft:pillager":1,"minecraft:vindicator":19,"aquamirae:tortured_soul":1,"minecraft:vex":11,"minecraft:warden":8,"minecraft:cave_spider":1,"minecraft:player":1,"minecraft:enderman":1,"minecraft:skeleton":1},"minecraft:mined":{"minecraft:stripped_warped_stem":20,"minecraft:white_bed":11,"alexscaves:forsaken_idol":1,"minecraft:cut_sandstone_slab":1,"minecraft:warped_stairs":36,"minecraft:obsidian":30,"minecraft:granite":19,"minecraft:acacia_log":13,"minecraft:deepslate_bricks":137,"alexscaves:coprolith":8,"minecraft:crimson_fungus":1,"minecraft:nether_wart":13,"minecraft:spawner":5,"minecraft:weeping_vines_plant":1,"minecraft:magma_block":30,"minecraft:tall_seagrass":1,"minecraft:polished_blackstone_bricks":470,"minecraft:sticky_piston":2,"minecraft:cobbled_deepslate":163,"cataclysm:obsidian_explosion_trap_bricks":1,"minecraft:barrel":3,"minecraft:fire":36,"minecraft:pumpkin":7,"minecraft:deepslate_lapis_ore":31,"minecraft:fletching_table":2,"minecraft:twisting_vines":1,"minecraft:dirt_path":4,"minecraft:quartz_slab":14,"minecraft:deepslate_brick_stairs":37,"minecraft:smooth_sandstone_stairs":9,"cozy_home:quartz_storage_counter":1,"minecraft:white_banner":1,"minecraft:player_head":3,"minecraft:tripwire":5,"minecraft:orange_bed":3,"minecraft:cut_sandstone":9,"minecraft:smoker":4,"minecraft:deepslate_brick_wall":3,"minecraft:soul_fire":56,"minecraft:deepslate_tile_slab":44,"minecraft:torch":24,"minecraft:note_block":3,"minecraft:blast_furnace":15,"beautify:hanging_pot":3,"alexscaves:peering_coprolith":2,"minecraft:dead_bush":7,"minecraft:glass":45,"cozy_home:warped_grandfather_clock":29,"minecraft:sugar_cane":754,"minecraft:damaged_anvil":3,"minecraft:bricks":33,"minecraft:smooth_sandstone_slab":2,"minecraft:amethyst_block":8,"minecraft:white_terracotta":1,"minecraft:chain":1,"minecraft:repeater":5,"minecraft:wheat":1,"minecraft:jukebox":3,"minecraft:warped_fungus":1,"minecraft:yellow_glazed_terracotta":19,"minecraft:grass":147,"minecraft:oak_fence_gate":2,"minecraft:sandstone_wall":1,"minecraft:smooth_basalt":12,"minecraft:stonecutter":1,"minecraft:deepslate":4764,"minecraft:yellow_terracotta":11,"minecraft:suspicious_gravel":2,"cozy_home:quartz_mirror":1,"minecraft:deepslate_tiles":2,"minecraft:sea_lantern":1,"minecraft:end_stone":104,"minecraft:shulker_box":5,"minecraft:nether_bricks":5,"cozy_home:quartz_wall_clock":2,"cozy_home:quartz_chair":10,"minecraft:spruce_fence":7,"minecraft:crimson_roots":1,"minecraft:redstone_wire":1,"minecraft:kelp":1,"minecraft:cartography_table":3,"minecraft:packed_mud":67,"minecraft:snow":135,"minecraft:andesite":142,"minecraft:warped_wall_sign":4,"minecraft:potatoes":45,"cataclysm:chiseled_obsidian_bricks":1,"minecraft:rail":3,"minecraft:cobblestone_slab":4,"minecraft:warped_stem":990,"minecraft:warped_trapdoor":4,"minecraft:bone_block":2,"minecraft:ender_chest":1,"minecraft:white_wool":1,"minecraft:smithing_table":1,"minecraft:mud_brick_slab":4,"minecraft:redstone_block":1,"mcwwindows:warped_stem_window2":4,"minecraft:glass_pane":75,"minecraft:soul_sand":4,"minecraft:observer":1,"minecraft:dandelion":5,"minecraft:smooth_sandstone":52,"minecraft:sponge":3,"minecraft:warped_roots":15,"cozy_home:oak_fireplace":3,"minecraft:copper_ore":11,"minecraft:purpur_pillar":3,"minecraft:tall_grass":38,"minecraft:dried_kelp_block":10,"minecraft:deepslate_gold_ore":36,"minecraft:diorite":298,"minecraft:warped_wart_block":8,"minecraft:red_terracotta":38,"minecraft:white_carpet":5,"minecraft:spruce_log":43,"minecraft:birch_leaves":131,"minecraft:red_wall_banner":1,"cataclysm:sandstone_falling_trap":11,"minecraft:gravel":96,"minecraft:dripstone_block":2,"minecraft:cobweb":19,"alexscaves:guano_layer":1,"minecraft:brown_terracotta":16,"minecraft:oak_button":2,"minecraft:polished_blackstone":6,"minecraft:stone_bricks":12,"minecraft:chipped_anvil":1,"minecraft:iron_trapdoor":1,"alexscaves:guanostone":8,"minecraft:spruce_planks":26,"farmersdelight:rich_soil":1,"minecraft:sculk_vein":5,"minecraft:cobblestone_stairs":1,"minecraft:end_stone_brick_wall":2,"minecraft:brewing_stand":1,"minecraft:cherry_trapdoor":6,"minecraft:spruce_trapdoor":2,"cataclysm:sandstone_ignite_trap":19,"minecraft:budding_amethyst":1,"minecraft:grass_block":307,"minecraft:cracked_polished_blackstone_bricks":168,"minecraft:polished_diorite":5,"minecraft:polished_blackstone_brick_slab":10,"aquamirae:golden_moth_in_a_jar":1,"minecraft:mud_bricks":47,"minecraft:composter":1,"minecraft:gilded_blackstone":10,"cataclysm:sandstone_poison_dart_trap":5,"minecraft:raw_iron_block":2,"minecraft:iron_ore":200,"minecraft:anvil":1,"cataclysm:end_stone_pillar":4,"minecraft:iron_bars":4,"cataclysm:void_stone":2,"minecraft:end_stone_bricks":2,"minecraft:spruce_slab":2,"minecraft:deepslate_redstone_ore":53,"minecraft:gray_terracotta":2,"minecraft:blackstone":97,"minecraft:twisting_vines_plant":4,"minecraft:orange_terracotta":16,"minecraft:purpur_stairs":1,"minecraft:clay":336,"minecraft:calcite":9,"minecraft:chest":13,"beautify:oak_trellis":7,"minecraft:nether_quartz_ore":1385,"minecraft:cobblestone":77,"cozy_home:quartz_bench":3,"minecraft:grindstone":1,"minecraft:oak_planks":15,"minecraft:iron_door":1,"minecraft:wall_torch":27,"alexscaves:thornwood_planks":4,"minecraft:cauldron":5,"minecraft:seagrass":3,"minecraft:warped_nylium":39,"minecraft:blue_terracotta":30,"minecraft:dark_oak_slab":2,"minecraft:warped_planks":211,"minecraft:birch_log":6,"aquamirae:wisteria_niveis":1,"minecraft:blue_ice":8,"minecraft:tnt":1,"minecraft:purpur_block":8,"minecraft:oak_log":422,"minecraft:sand":1011,"minecraft:dirt":886,"cozy_home:warped_table":17,"minecraft:tripwire_hook":4,"minecraft:netherrack":10219,"minecraft:ancient_debris":25,"minecraft:oak_leaves":1350,"alexscaves:spelunkery_table":1,"minecraft:diamond_ore":3,"minecraft:tuff":357,"minecraft:nether_gold_ore":147,"handcrafted:warped_corner_trim":19,"minecraft:yellow_wall_banner":1,"minecraft:deepslate_diamond_ore":85,"minecraft:candle":3,"minecraft:lever":2,"minecraft:ladder":2,"minecraft:chiseled_bookshelf":6,"minecraft:decorated_pot":1,"handcrafted:sandstone_pillar_trim":2,"minecraft:birch_slab":2,"minecraft:spruce_leaves":2,"minecraft:sandstone":1,"minecraft:large_fern":1,"minecraft:hay_block":36,"minecraft:deepslate_brick_slab":7,"minecraft:oak_trapdoor":11,"minecraft:furnace":19,"minecraft:carrots":175,"minecraft:raw_gold_block":1,"minecraft:nether_sprouts":8,"minecraft:polished_basalt":6,"minecraft:chiseled_sandstone":8,"minecraft:chiseled_deepslate":3,"minecraft:gold_block":27,"minecraft:bell":1,"minecraft:bookshelf":208,"minecraft:shroomlight":8,"minecraft:deepslate_iron_ore":142,"minecraft:lantern":2,"minecraft:stripped_oak_log":12,"minecraft:packed_ice":46,"minecraft:chorus_plant":2,"minecraft:stone":1173,"minecraft:acacia_leaves":2,"minecraft:infested_stone_bricks":1,"minecraft:snow_block":14,"minecraft:basalt":117,"minecraft:spruce_door":5,"minecraft:warped_fence":4,"minecraft:oak_fence":5,"minecraft:crafting_table":22,"minecraft:blackstone_slab":10,"minecraft:sculk_sensor":5,"minecraft:lectern":412,"minecraft:polished_blackstone_brick_stairs":9,"minecraft:sculk":6,"minecraft:spruce_stairs":7,"minecraft:gray_wool":3,"minecraft:cactus":1,"minecraft:brick_slab":19,"cataclysm:void_lantern_block":2,"minecraft:polished_blackstone_stairs":1,"minecraft:polished_blackstone_slab":4,"cataclysm:purpur_void_rune_trap_block":6,"minecraft:ice":18,"minecraft:yellow_bed":3,"minecraft:coal_ore":194,"minecraft:end_rod":4,"minecraft:bamboo_mosaic_stairs":5,"minecraft:cracked_stone_bricks":2,"minecraft:mossy_stone_bricks":10,"minecraft:warped_slab":24},"minecraft:used":{"handcrafted:goat_trophy":2,"minecraft:chiseled_deepslate":5,"minecraft:polished_blackstone":4,"minecraft:spruce_slab":13,"minecraft:chest":61,"minecraft:stone":1,"minecraft:warped_sign":5,"minecraft:rotten_flesh":8,"alexscaves:thornwood_pressure_plate":4,"days_in_the_middle_ages:skeletonremains":5,"minecraft:soul_sand":1,"minecraft:brick_slab":25,"alexscaves:thornwood_door":2,"days_in_the_middle_ages:guillotine_bottom":1,"minecraft:snowball":104,"cataclysm:infernal_forge":1199,"minecraft:deepslate_brick_slab":50,"alexscaves:vesper_stew":1,"minecraft:spruce_boat":1,"minecraft:polished_blackstone_slab":1,"days_in_the_middle_ages:grave_1":3,"minecraft:lava_bucket":1,"minecraft:grass_block":18,"minecraft:quartz_block":56,"minecraft:dark_oak_slab":20,"days_in_the_middle_ages:fishhooksalmon":2,"days_in_the_middle_ages:grave_4":5,"cozy_home:warped_table":23,"minecraft:bow":775,"fantasyfurniture:decorations/venthyr_widow_bloom":3,"minecraft:furnace":30,"minecraft:oak_sapling":1,"minecraft:egg":2,"fantasyfurniture:decorations/bone_skeleton_skull_blossoms":5,"minecraft:potato":55,"minecraft:deepslate_brick_wall":7,"minecraft:damaged_anvil":1,"minecraft:diorite":3,"minecraft:mossy_stone_bricks":12,"minecraft:spruce_door":8,"days_in_the_middle_ages:shaft":11,"minecraft:chorus_fruit":7,"minecraft:blackstone":56,"minecraft:wooden_pickaxe":26,"minecraft:composter":1,"cozy_home:oak_sink_counter":1,"minecraft:oak_leaves":465,"cozy_home:quartz_storage_counter":1,"minecraft:golden_apple":16,"alexsmobs:skelewag_sword":8,"minecraft:sand":6,"minecraft:blast_furnace":14,"minecraft:deepslate_brick_stairs":132,"handcrafted:hammer":25,"cozy_home:chimney_brick":11,"days_in_the_middle_ages:grave_2":7,"minecraft:lectern":417,"cozy_home:oak_fireplace":4,"minecraft:diamond_sword":855,"cataclysm:music_disc_ignis":2,"cataclysm:sandstone_poison_dart_trap":2,"minecraft:smithing_table":2,"fantasyfurniture:decorations/spider_web_wide":12,"minecraft:oak_boat":5,"minecraft:oak_trapdoor":17,"handcrafted:witch_trophy":3,"minecraft:iron_bars":1,"minecraft:polished_blackstone_brick_slab":2,"minecraft:stone_sword":113,"minecraft:enchanting_table":2,"days_in_the_middle_ages:sword_pile":5,"minecraft:stripped_warped_stem":15,"minecraft:torch":368,"minecraft:netherrack":988,"minecraft:orange_bed":3,"minecraft:dragon_egg":1,"aquamirae:music_disc_forsaken_drownage":1,"minecraft:anvil":4,"days_in_the_middle_ages:sword_in_wall":3,"minecraft:polished_diorite":5,"beautify:oak_trellis":6,"minecraft:shroomlight":6,"minecraft:mossy_cobblestone_stairs":2,"alexscaves:coprolith":2,"minecraft:chipped_anvil":1,"minecraft:iron_axe":1320,"minecraft:warped_fence":12,"fantasyfurniture:venthyr/floor_light":2,"minecraft:mud_bricks":38,"minecraft:barrel":1,"minecraft:warped_stairs":202,"minecraft:goat_horn":3,"minecraft:basalt":8,"days_in_the_middle_ages:animaltroughsprucetwo":1,"minecraft:beef":7,"handcrafted:vindicator_trophy":6,"days_in_the_middle_ages:cobweb_1":3,"minecraft:cobbled_deepslate":1804,"minecraft:acacia_planks":1,"cozy_home:quartz_wall_clock":3,"minecraft:water_bucket":114,"minecraft:warped_stem":48,"days_in_the_middle_ages:cart":2,"minecraft:cartography_table":4,"minecraft:smooth_sandstone_slab":1,"minecraft:cauldron":2,"minecraft:fletching_table":3,"minecraft:deepslate_bricks":664,"minecraft:polished_blackstone_bricks":243,"minecraft:mossy_cobblestone":47,"minecraft:rail":2,"cataclysm:music_disc_the_harbinger":3,"minecraft:crafting_table":46,"minecraft:white_bed":19,"minecraft:campfire":1,"days_in_the_middle_ages:fire_pit":4,"minecraft:oak_log":11,"days_in_the_middle_ages:skeleton_1":4,"minecraft:ender_eye":26,"minecraft:diamond_pickaxe":1411,"minecraft:warped_trapdoor":12,"minecraft:diamond_shovel":1698,"days_in_the_middle_ages:campfire":1,"minecraft:oak_button":3,"minecraft:iron_pickaxe":2043,"minecraft:spruce_trapdoor":2,"minecraft:cobblestone":381,"minecraft:potion":1,"minecraft:cooked_porkchop":7,"alexsmobs:centipede_leggings":1,"minecraft:glass_pane":88,"minecraft:candle":8,"minecraft:jukebox":6,"minecraft:diamond_leggings":1,"minecraft:iron_shovel":900,"minecraft:diamond_hoe":9,"minecraft:bone_block":2,"minecraft:polished_basalt":2,"minecraft:shield":142,"farmersdelight:stove":1,"minecraft:iron_sword":515,"minecraft:bell":1,"minecraft:player_head":3,"minecraft:iron_chestplate":8,"minecraft:mutton":1,"cataclysm:monstrous_eye":4,"cataclysm:stone_tiles":20,"minecraft:carrot":298,"minecraft:deepslate_tile_slab":100,"minecraft:tuff":1,"cataclysm:music_disc_ancient_remnant":1,"minecraft:obsidian":17,"beautify:lamp_candelabra":1,"days_in_the_middle_ages:well":1,"minecraft:glass":234,"farmersdelight:acacia_cabinet":1,"minecraft:bricks":1,"minecraft:quartz_slab":169,"minecraft:lantern":7,"fantasyfurniture:bone/wither/counter":3,"minecraft:packed_mud":18,"minecraft:warped_nylium":8,"minecraft:iron_helmet":3,"minecraft:stone_bricks":5,"minecraft:item_frame":6,"minecraft:warped_fungus":6,"cozy_home:quartz_mirror":2,"minecraft:written_book":1,"handcrafted:warped_corner_trim":34,"cataclysm:monstrous_helm":1,"minecraft:diamond_boots":1,"cozy_home:dark_oak_grandfather_clock":4,"minecraft:stone_pickaxe":172,"minecraft:oak_planks":24,"minecraft:ender_pearl":32,"days_in_the_middle_ages:guillotine_top":2,"minecraft:sugar_cane":82,"beautify:hanging_pot":2,"minecraft:diamond_axe":1469,"minecraft:white_wool":1,"alexscaves:cave_book":2,"minecraft:end_stone":7,"cataclysm:music_disc_the_leviathan":2,"minecraft:crossbow":2,"minecraft:shears":1433,"waystones:waystone":1,"minecraft:lever":2,"minecraft:acacia_door":4,"minecraft:bread":297,"minecraft:dark_oak_log":1,"days_in_the_middle_ages:well_roof_spruce":4,"minecraft:string":3,"minecraft:warped_slab":299,"minecraft:iron_door":2,"minecraft:gravel":7,"minecraft:golden_helmet":1,"minecraft:grindstone":1,"minecraft:andesite":55,"aquamirae:music_disc_horizon":1,"minecraft:oak_fence":1,"minecraft:bone_meal":224,"minecraft:purpur_block":1,"minecraft:golden_pickaxe":1,"minecraft:trident":7,"farmersdelight:diamond_knife":1,"minecraft:flint_and_steel":7,"minecraft:spruce_planks":29,"cataclysm:sandstone_ignite_trap":16,"days_in_the_middle_ages:gallow_top":4,"minecraft:dirt":604,"alexsmobs:maraca":9,"days_in_the_middle_ages:basket_of_shrooms":3,"minecraft:white_carpet":128,"minecraft:hopper":9,"minecraft:warped_door":4,"farmersdelight:carrot_crate":1,"minecraft:shulker_box":4,"cataclysm:koboleton_spawn_egg":1,"minecraft:granite":11,"fantasyfurniture:venthyr/wall_light":9,"minecraft:brown_terracotta":8,"days_in_the_middle_ages:hanging_sign":2,"minecraft:wooden_axe":7,"minecraft:bookshelf":48,"minecraft:smooth_sandstone":32,"minecraft:cherry_trapdoor":14,"minecraft:iron_boots":5,"cozy_home:warped_grandfather_clock":50,"minecraft:golden_carrot":93,"minecraft:minecart":2,"minecraft:netherite_pickaxe":17696,"minecraft:cooked_beef":3,"minecraft:enchanted_golden_apple":2,"minecraft:pumpkin":2,"minecraft:iron_leggings":5,"fantasyfurniture:decorations/spider_web_small":34,"minecraft:cooked_mutton":7,"minecraft:acacia_boat":1,"minecraft:cobblestone_stairs":1,"farmersdelight:skillet":1,"cataclysm:desert_eye":25,"minecraft:baked_potato":35,"minecraft:sniffer_egg":1,"minecraft:cut_sandstone":4,"minecraft:spruce_sign":6,"mcwwindows:warped_stem_window2":18,"minecraft:stonecutter":3,"minecraft:cobblestone_slab":9,"days_in_the_middle_ages:cell_door":26,"cozy_home:quartz_bench":2,"minecraft:painting":17,"minecraft:smoker":9,"minecraft:warped_planks":846,"cozy_home:quartz_chair":11,"minecraft:apple":12,"minecraft:cracked_polished_blackstone_bricks":6,"days_in_the_middle_ages:boat":3,"minecraft:stone_axe":45,"minecraft:white_banner":2,"minecraft:bucket":115,"minecraft:pumpkin_pie":1,"minecraft:yellow_bed":3,"alexsmobs:animal_dictionary":6,"minecraft:gray_wool":1,"minecraft:splash_potion":1,"handcrafted:sandstone_pillar_trim":2,"minecraft:soul_torch":1,"alexsmobs:emu_egg":1},"minecraft:crafted":{"minecraft:blaze_powder":18,"minecraft:lever":2,"alexscaves:dreadbow":2,"minecraft:bookshelf":52,"minecraft:cooked_mutton":7,"minecraft:iron_bars":32,"minecraft:deepslate_brick_stairs":120,"minecraft:glass":875,"minecraft:quartz_block":557,"minecraft:diamond_helmet":2,"cozy_home:warped_table":6,"minecraft:iron_door":3,"minecraft:warped_stairs":260,"minecraft:emerald":549,"minecraft:cooked_porkchop":1,"minecraft:diamond_axe":1,"farmersdelight:iron_knife":1,"minecraft:acacia_slab":6,"minecraft:spruce_door":3,"minecraft:smithing_table":1,"minecraft:clock":2,"minecraft:fletching_table":1,"minecraft:campfire":2,"minecraft:painting":1,"minecraft:cartography_table":1,"minecraft:lectern":3,"mcwwindows:window_base":28,"cataclysm:monstrous_helm":1,"usefulbackpacks:backpack_large":1,"minecraft:iron_pickaxe":11,"minecraft:iron_block":7,"minecraft:gold_ingot":294,"minecraft:netherite_ingot":6,"cozy_home:warped_plank":24,"minecraft:golden_carrot":189,"minecraft:iron_nugget":9,"minecraft:bone_meal":297,"minecraft:white_carpet":21,"minecraft:warped_trapdoor":10,"minecraft:cherry_trapdoor":14,"minecraft:lantern":2,"farmersdelight:carrot_crate":1,"minecraft:spruce_slab":12,"minecraft:stone_pickaxe":3,"handcrafted:warped_corner_trim":44,"minecraft:diamond_boots":3,"minecraft:quartz_slab":192,"minecraft:spruce_boat":1,"minecraft:dark_oak_planks":16,"minecraft:brick_slab":12,"minecraft:wheat":207,"cataclysm:monstrous_eye":1,"minecraft:enchanting_table":2,"minecraft:deepslate_brick_slab":134,"minecraft:acacia_trapdoor":2,"minecraft:enchanted_book":23,"minecraft:golden_apple":3,"minecraft:warped_sign":3,"cozy_home:oak_plank":8,"minecraft:wooden_axe":2,"minecraft:warped_pressure_plate":2,"minecraft:iron_leggings":3,"minecraft:iron_shovel":3,"minecraft:white_bed":9,"minecraft:brick":5,"mcwwindows:window_half_bar_base":28,"minecraft:oak_planks":1396,"minecraft:cobblestone_slab":12,"usefulbackpacks:backpack_small":1,"minecraft:stone":367,"minecraft:warped_planks":5412,"minecraft:hopper":9,"minecraft:bow":3,"minecraft:iron_boots":4,"minecraft:chest":58,"minecraft:netherite_helmet":1,"minecraft:oak_button":3,"minecraft:netherite_upgrade_smithing_template":6,"minecraft:rail":16,"farmersdelight:acacia_cabinet":1,"minecraft:ender_eye":18,"minecraft:smoker":6,"farmersdelight:stove":1,"minecraft:oak_slab":12,"minecraft:item_frame":10,"minecraft:crafting_table":29,"minecraft:spruce_planks":200,"minecraft:wooden_pickaxe":3,"minecraft:baked_potato":12,"minecraft:iron_helmet":3,"cozy_home:warped_grandfather_clock":1,"minecraft:warped_door":3,"cozy_home:quartz_wall_clock":1,"minecraft:dark_oak_slab":18,"minecraft:book":9,"minecraft:iron_chestplate":3,"minecraft:paper":879,"minecraft:diamond_pickaxe":4,"minecraft:shield":8,"minecraft:stick":9068,"minecraft:warped_slab":462,"minecraft:iron_ingot":361,"minecraft:stone_sword":1,"minecraft:shears":9,"minecraft:cherry_planks":188,"minecraft:raw_iron":9,"cozy_home:oak_fireplace":1,"minecraft:furnace":15,"alexscaves:shadow_silk":6,"cozy_home:quartz_chair":2,"minecraft:glass_pane":1648,"minecraft:oak_trapdoor":12,"minecraft:flint_and_steel":2,"minecraft:netherite_chestplate":1,"minecraft:warped_fence":12,"minecraft:netherite_leggings":1,"minecraft:iron_axe":5,"cozy_home:chimney_brick":12,"handcrafted:white_sheet":112,"minecraft:warped_button":2,"usefulbackpacks:backpack_medium":1,"cozy_home:spruce_plank":16,"minecraft:netherite_scrap":25,"alexsmobs:centipede_leggings":1,"minecraft:minecart":1,"minecraft:cooked_beef":14,"minecraft:diamond_sword":2,"minecraft:spruce_sign":6,"minecraft:iron_sword":4,"mcwwindows:warped_stem_window2":24,"minecraft:bucket":2,"minecraft:stone_axe":2,"minecraft:air":0,"minecraft:acacia_boat":1,"minecraft:bread":85,"minecraft:oak_boat":4,"minecraft:white_wool":20,"minecraft:gold_nugget":909,"minecraft:stonecutter":1,"minecraft:anvil":2,"minecraft:acacia_planks":52,"minecraft:torch":356,"minecraft:diamond_chestplate":2},"minecraft:dropped":{"minecraft:iron_sword":4,"minecraft:piston":1,"minecraft:lapis_lazuli":13,"minecraft:cooked_beef":11,"minecraft:mud_brick_slab":4,"minecraft:glow_ink_sac":4,"handcrafted:witch_trophy":3,"minecraft:diamond":21,"alexsmobs:music_disc_daze":4,"minecraft:cooked_porkchop":22,"cataclysm:sandstone_ignite_trap":16,"minecraft:music_disc_relic":1,"minecraft:glow_berries":23,"minecraft:warped_roots":2,"minecraft:saddle":2,"minecraft:item_frame":1,"minecraft:emerald":3,"cataclysm:music_disc_the_harbinger":1,"minecraft:packed_mud":35,"minecraft:dirt":35,"aquamirae:dead_sea_scroll":2,"minecraft:grass":5,"alexsmobs:skelewag_sword":1,"minecraft:gold_nugget":129,"minecraft:bone_meal":1,"minecraft:sand":4,"minecraft:iron_pickaxe":7,"handcrafted:vindicator_trophy":1,"alexsmobs:raccoon_tail":4,"minecraft:music_disc_stal":1,"cataclysm:music_disc_ender_guardian":1,"minecraft:bone":112,"minecraft:music_disc_blocks":1,"usefulbackpacks:backpack_large":4,"alexsmobs:centipede_leg":6,"cataclysm:music_disc_ignis":1,"minecraft:compass":4,"minecraft:sugar_cane":34,"minecraft:ancient_debris":4,"minecraft:music_disc_chirp":1,"minecraft:cooked_chicken":4,"minecraft:cobbled_deepslate":14,"minecraft:nether_brick":5,"alexscaves:cave_tablet":20,"minecraft:obsidian":30,"minecraft:music_disc_5":1,"minecraft:deepslate_brick_slab":13,"minecraft:rotten_flesh":23,"minecraft:oak_planks":223,"minecraft:enchanted_golden_apple":2,"minecraft:end_stone":16,"minecraft:music_disc_far":1,"alexsmobs:cachalot_whale_tooth":1,"minecraft:echo_shard":3,"alexsmobs:blood_sac":2,"minecraft:quartz_block":128,"minecraft:music_disc_mall":4,"minecraft:glass":55,"minecraft:beef":5,"cataclysm:infernal_forge":1,"minecraft:warped_wart_block":2,"minecraft:lectern":1,"alexsmobs:mosquito_proboscis":2,"minecraft:enchanted_book":8,"minecraft:golden_boots":2,"minecraft:iron_ingot":76,"cataclysm:music_disc_the_leviathan":1,"usefulbackpacks:backpack_medium":1,"minecraft:netherite_pickaxe":2,"minecraft:wheat_seeds":13,"aquamirae:music_disc_forsaken_drownage":1,"minecraft:dripstone_block":1,"minecraft:prismarine_crystals":5,"minecraft:cobblestone":287,"minecraft:yellow_terracotta":10,"minecraft:oak_fence":1,"minecraft:iron_helmet":3,"minecraft:feather":9,"minecraft:book":10,"minecraft:granite":3,"days_in_the_middle_ages:boat":3,"minecraft:music_disc_pigstep":1,"minecraft:disc_fragment_5":6,"minecraft:coal":93,"minecraft:golden_apple":4,"minecraft:sculk":29,"minecraft:golden_carrot":64,"minecraft:wooden_axe":2,"minecraft:yellow_glazed_terracotta":19,"minecraft:diamond_helmet":2,"minecraft:dead_bush":4,"minecraft:dried_kelp":14,"minecraft:smooth_sandstone_slab":1,"aquamirae:sea_stew":1,"minecraft:mossy_cobblestone_stairs":3,"alexscaves:porous_coprolith":2,"fantasyfurniture:decorations/spider_web_small":1,"minecraft:paper":7,"minecraft:string":40,"aquamirae:music_disc_horizon":1,"cataclysm:khopesh":1,"minecraft:bricks":36,"days_in_the_middle_ages:grave_4":2,"alexsmobs:music_disc_thime":1,"minecraft:soul_torch":37,"minecraft:stone_sword":1,"minecraft:diamond_hoe":3,"minecraft:experience_bottle":13,"minecraft:chicken":1,"minecraft:clay_ball":116,"cataclysm:sandstone_poison_dart_trap":1,"minecraft:name_tag":5,"minecraft:shears":1,"minecraft:diamond_sword":13,"minecraft:potato":83,"minecraft:cobblestone_slab":8,"minecraft:flower_pot":3,"alexsmobs:cockroach_wing_fragment":2,"minecraft:spruce_planks":2,"minecraft:diamond_pickaxe":8,"aquamirae:remnants_saber":1,"minecraft:spider_eye":4,"alexscaves:dreadbow":1,"minecraft:stone_bricks":3,"cataclysm:monstrous_helm":2,"minecraft:warped_button":1,"aquamirae:pirate_pouch":1,"minecraft:bow":6,"waystones:waystone":1,"cataclysm:sandstone_falling_trap":6,"minecraft:magma_block":1,"minecraft:brick_slab":2,"farmersdelight:diamond_knife":2,"minecraft:warped_stem":55,"minecraft:diamond_axe":2,"minecraft:warped_fungus":1,"minecraft:oak_log":44,"minecraft:baked_potato":10,"minecraft:ender_pearl":110,"minecraft:netherite_upgrade_smithing_template":1,"aquamirae:treasure_pouch":1,"minecraft:leather":8,"minecraft:birch_slab":2,"minecraft:music_disc_13":4,"minecraft:warped_pressure_plate":3,"minecraft:cracked_polished_blackstone_bricks":43,"fantasyfurniture:decorations/bone_skeleton_skull_blossoms":2,"minecraft:polished_blackstone_brick_stairs":1,"cataclysm:sandstorm_in_a_bottle":6,"minecraft:snowball":48,"minecraft:amethyst_shard":2,"minecraft:polished_blackstone_bricks":133,"minecraft:gold_ingot":443,"minecraft:gravel":88,"alexsmobs:skreecher_soul":3,"minecraft:blackstone":2,"minecraft:music_disc_otherside":1,"minecraft:pointed_dripstone":2,"minecraft:diamond_shovel":2,"minecraft:cooked_mutton":54,"alexsmobs:bone_serpent_tooth":1,"minecraft:carrot":179,"minecraft:sandstone_wall":1,"minecraft:oak_fence_gate":1,"alexsmobs:elastic_tendon":2,"minecraft:trident":4,"minecraft:gunpowder":1,"aquamirae:esca":1,"minecraft:melon_seeds":4,"minecraft:stone_brick_wall":3,"days_in_the_middle_ages:well_roof_spruce":3,"fantasyfurniture:venthyr/floor_light":2,"minecraft:basalt":29,"minecraft:arrow":195,"minecraft:powered_rail":3,"minecraft:oak_leaves":320,"minecraft:netherrack":1183,"handcrafted:white_sheet":112,"minecraft:bread":74,"minecraft:golden_helmet":1,"alexsmobs:unsettling_kimono":1,"minecraft:sniffer_egg":2,"minecraft:golden_axe":2,"alexscaves:spelunkery_table":1,"minecraft:spruce_stairs":4,"minecraft:grass_block":3,"alexscaves:coprolith":6,"minecraft:stick":52,"alexsmobs:maraca":1,"fantasyfurniture:bone/wither/counter":3,"farmersdelight:golden_knife":1,"minecraft:diorite":1,"minecraft:torch":18,"minecraft:repeater":4,"alexsmobs:dropbear_claw":1,"minecraft:iron_leggings":3,"minecraft:music_disc_strad":1,"alexsmobs:centipede_leggings":3,"cataclysm:music_disc_ancient_remnant":2,"minecraft:music_disc_ward":1,"minecraft:iron_axe":2,"minecraft:music_disc_wait":1,"minecraft:cactus":5,"minecraft:bucket":2,"minecraft:music_disc_cat":3,"alexscaves:music_disc_fusion":1,"minecraft:dandelion":1,"minecraft:redstone":37,"cataclysm:music_disc_netherite_monstrosity":1,"minecraft:polished_diorite":64,"minecraft:blue_terracotta":29,"minecraft:kelp":88,"minecraft:oak_trapdoor":1,"minecraft:nether_wart":27,"minecraft:raw_copper":27,"alexsmobs:tarantula_hawk_wing_fragment":5,"minecraft:tuff":2,"minecraft:raw_iron":110,"minecraft:sculk_sensor":2,"alexsmobs:blobfish":1,"alexscaves:vesper_wing":1,"days_in_the_middle_ages:grave_3":3,"days_in_the_middle_ages:cell_door":3,"minecraft:red_terracotta":33,"fantasyfurniture:decorations/spider_web_wide":3,"minecraft:deepslate_bricks":470,"alexscaves:thornwood_door":3,"minecraft:end_stone_brick_stairs":1,"minecraft:mud_bricks":31,"minecraft:shield":3,"minecraft:oak_button":1,"minecraft:diamond_chestplate":6,"minecraft:orange_terracotta":1,"minecraft:iron_chestplate":2,"minecraft:andesite":10,"minecraft:mossy_stone_bricks":2,"minecraft:oak_sapling":1,"minecraft:diamond_boots":9,"minecraft:wooden_pickaxe":1,"minecraft:music_disc_mellohi":1},"minecraft:picked_up":{"minecraft:wooden_axe":4,"minecraft:iron_chestplate":25,"minecraft:anvil":1,"handcrafted:sandstone_pillar_trim":2,"days_in_the_middle_ages:shaft":8,"minecraft:flower_pot":3,"minecraft:prismarine_shard":3,"minecraft:lead":1,"minecraft:diamond_sword":16,"minecraft:smithing_table":2,"cataclysm:chiseled_obsidian_bricks":1,"minecraft:enchanted_book":7,"alexsmobs:bone_serpent_tooth":1,"minecraft:amethyst_block":7,"minecraft:music_disc_cat":1,"minecraft:polished_blackstone_brick_stairs":6,"minecraft:string":347,"alexscaves:pure_darkness":8,"minecraft:shroomlight":7,"minecraft:diamond_leggings":2,"minecraft:gold_nugget":1213,"minecraft:cobbled_deepslate":4328,"minecraft:spruce_planks":79,"minecraft:warped_slab":25,"minecraft:written_book":12,"minecraft:netherite_upgrade_smithing_template":2,"minecraft:enchanted_golden_apple":3,"minecraft:golden_helmet":4,"minecraft:polished_blackstone_brick_slab":11,"minecraft:music_disc_blocks":1,"minecraft:jukebox":5,"minecraft:composter":1,"minecraft:acacia_log":13,"minecraft:purpur_pillar":1,"minecraft:sandstone_wall":1,"minecraft:golden_axe":2,"minecraft:cherry_log":64,"minecraft:warped_pressure_plate":2,"minecraft:warped_planks":256,"cataclysm:music_disc_ancient_remnant":2,"aquamirae:esca":2,"minecraft:warped_door":1,"alexsmobs:centipede_leg":13,"handcrafted:warped_corner_trim":19,"minecraft:cauldron":5,"minecraft:yellow_banner":1,"minecraft:orange_bed":5,"fantasyfurniture:bone/wither/counter":2,"minecraft:stone_sword":8,"farmersdelight:onion":8,"minecraft:polished_basalt":14,"farmersdelight:rope":326,"minecraft:end_rod":5,"minecraft:white_terracotta":1,"minecraft:blaze_rod":42,"minecraft:iron_bars":4,"minecraft:snowball":264,"minecraft:sponge":3,"minecraft:birch_log":18,"minecraft:magma_block":2,"minecraft:feather":10,"minecraft:water_bucket":13,"minecraft:birch_slab":2,"minecraft:iron_door":1,"minecraft:smoker":5,"minecraft:flint":13,"minecraft:lantern":8,"aquamirae:fin":32,"minecraft:twisting_vines":4,"cataclysm:koboleton_bone":45,"minecraft:chipped_anvil":1,"minecraft:gray_terracotta":2,"minecraft:stonecutter":1,"alexscaves:guano":18,"cataclysm:purpur_void_rune_trap_block":3,"minecraft:diamond_helmet":5,"alexscaves:porous_coprolith":2,"beautify:hanging_pot":2,"minecraft:warped_wart_block":12,"aquamirae:anglers_fang":2,"handcrafted:hammer":1,"minecraft:ink_sac":3,"minecraft:red_terracotta":35,"minecraft:barrel":6,"alexsmobs:animal_dictionary":2,"aquamirae:music_disc_horizon":2,"minecraft:blue_terracotta":29,"minecraft:lever":2,"cataclysm:sandstone_falling_trap":9,"minecraft:granite":40,"alexsmobs:tarantula_hawk_wing_fragment":5,"minecraft:bread":1362,"minecraft:light_gray_carpet":1,"minecraft:bricks":33,"minecraft:crimson_roots":1,"minecraft:diamond_pickaxe":19,"minecraft:music_disc_5":1,"minecraft:crafting_table":23,"minecraft:nether_wart":24,"minecraft:clay_ball":1340,"minecraft:golden_pickaxe":3,"minecraft:leather_leggings":1,"cataclysm:monstrous_helm":3,"usefulbackpacks:backpack_medium":5,"fantasyfurniture:decorations/spider_web_small":1,"minecraft:purpur_block":8,"minecraft:flint_and_steel":3,"aquamirae:sharp_bones":88,"minecraft:elytra":1,"minecraft:acacia_door":4,"minecraft:iron_shovel":12,"minecraft:compass":1,"minecraft:white_carpet":3,"minecraft:glass_pane":4,"minecraft:cracked_stone_bricks":1,"minecraft:cartography_table":3,"usefulbackpacks:backpack_small":15,"minecraft:stripped_warped_stem":20,"aquamirae:dead_sea_scroll":2,"minecraft:beef":20,"minecraft:spruce_slab":8,"minecraft:minecart":1,"aquamirae:remnants_saber":2,"minecraft:chest":12,"minecraft:piston":1,"cataclysm:end_stone_pillar":3,"fantasyfurniture:venthyr/floor_light":2,"minecraft:diamond_hoe":4,"minecraft:egg":3,"alexscaves:guanostone":7,"minecraft:raw_gold_block":1,"cozy_home:quartz_chair":10,"cozy_home:quartz_bench":3,"minecraft:spruce_fence":17,"minecraft:fire_charge":1,"minecraft:carrot":721,"minecraft:redstone":286,"minecraft:netherite_pickaxe":2,"minecraft:prismarine_crystals":11,"minecraft:tnt":4,"minecraft:diamond_chestplate":10,"minecraft:diamond_boots":13,"aquamirae:sea_stew":17,"days_in_the_middle_ages:grave_4":2,"minecraft:deepslate_bricks":524,"minecraft:hay_block":65,"minecraft:yellow_terracotta":10,"minecraft:warped_sign":4,"minecraft:gold_ingot":234,"aquamirae:treasure_pouch":2,"minecraft:totem_of_undying":6,"minecraft:polished_blackstone":4,"minecraft:glow_berries":19,"minecraft:bone_block":2,"minecraft:mutton":14,"minecraft:white_wool":76,"minecraft:rail":12,"minecraft:oxeye_daisy":1,"minecraft:stripped_oak_log":28,"minecraft:birch_leaves":76,"minecraft:mud_bricks":46,"minecraft:tripwire_hook":3,"minecraft:blackstone_slab":12,"aquamirae:spinefish":18,"alexsmobs:skreecher_soul":3,"minecraft:filled_map":1,"cataclysm:koboleton_spawn_egg":1,"minecraft:packed_mud":53,"cataclysm:void_jaw":24,"minecraft:oak_log":475,"minecraft:ancient_debris":25,"minecraft:golden_boots":3,"farmersdelight:skillet":3,"alexsmobs:mosquito_proboscis":2,"minecraft:paper":123,"minecraft:white_banner":27,"cataclysm:music_disc_ender_guardian":1,"minecraft:apple":15,"minecraft:stone_bricks":12,"minecraft:kelp":88,"alexsmobs:cockroach_wing_fragment":2,"minecraft:warped_stem":1501,"minecraft:oak_fence_gate":3,"minecraft:stone_pickaxe":3,"minecraft:arms_up_pottery_sherd":1,"minecraft:iron_sword":29,"alexscaves:coprolith":8,"minecraft:smooth_basalt":12,"minecraft:dark_oak_slab":7,"alexscaves:moth_dust":13,"aquamirae:ship_graveyard_echo":7,"minecraft:sculk":24,"cozy_home:quartz_mirror":2,"minecraft:gravel":222,"minecraft:spruce_sapling":1,"minecraft:spruce_log":43,"minecraft:crying_obsidian":10,"minecraft:dragon_egg":1,"minecraft:leather_helmet":7,"alexsmobs:centipede_leggings":3,"minecraft:diamond_shovel":3,"aquamirae:music_disc_forsaken_drownage":2,"minecraft:snort_pottery_sherd":1,"minecraft:stone_axe":2,"cozy_home:warped_grandfather_clock":61,"minecraft:polished_diorite":69,"fantasyfurniture:decorations/spider_web_wide":2,"minecraft:diamond_axe":3,"minecraft:painting":16,"minecraft:gray_wool":3,"minecraft:warped_roots":22,"minecraft:oak_button":3,"minecraft:baked_potato":45,"cataclysm:sandstone_poison_dart_trap":6,"minecraft:melon_seeds":4,"minecraft:warped_nylium":10,"minecraft:chiseled_deepslate":3,"minecraft:ender_pearl":868,"minecraft:shulker_shell":4,"alexsmobs:cosmic_cod":10,"beautify:oak_trellis":6,"alexsmobs:maraca":1,"minecraft:wheat":424,"cataclysm:monstrous_horn":1,"minecraft:redstone_block":1,"minecraft:iron_trapdoor":1,"alexscaves:cave_tablet":7,"minecraft:potion":1,"alexscaves:thornwood_door":2,"minecraft:nether_brick":5,"minecraft:gilded_blackstone":2,"minecraft:warped_stairs":35,"minecraft:raw_copper":70,"aquamirae:pirate_pouch":20,"minecraft:iron_leggings":19,"minecraft:sticky_piston":2,"minecraft:experience_bottle":6,"alexsmobs:dropbear_claw":1,"alexsmobs:blood_sac":7,"minecraft:bucket":4,"waystones:return_scroll":2,"minecraft:rose_bush":6,"minecraft:cobblestone_slab":28,"minecraft:calcite":9,"minecraft:ender_eye":10,"minecraft:iron_pickaxe":49,"cataclysm:khopesh":1,"alexsmobs:raccoon_tail":7,"minecraft:bamboo_mosaic_stairs":5,"days_in_the_middle_ages:cell_door":2,"minecraft:iron_boots":21,"minecraft:furnace":27,"minecraft:stick":56,"minecraft:deepslate_brick_wall":3,"minecraft:brown_terracotta":16,"minecraft:oak_fence":12,"minecraft:torch":175,"minecraft:spruce_stairs":12,"minecraft:porkchop":4,"alexscaves:vesper_stew":1,"minecraft:dried_kelp":28,"cataclysm:void_infused_end_stone_bricks":1,"minecraft:pointed_dripstone":6,"minecraft:diorite":321,"minecraft:goat_horn":2,"cataclysm:void_lantern_block":2,"minecraft:quartz_block":128,"minecraft:cactus":5,"minecraft:rotten_flesh":121,"cataclysm:void_stone":1,"alexsmobs:capsid":2,"cozy_home:oak_fireplace":3,"alexsmobs:emu_egg":1,"minecraft:deepslate_brick_stairs":26,"minecraft:obsidian":68,"minecraft:cod":17,"minecraft:cobblestone":2212,"minecraft:nautilus_shell":1,"cataclysm:music_disc_the_harbinger":3,"minecraft:magma_cream":10,"minecraft:repeater":4,"minecraft:andesite":168,"minecraft:golden_leggings":6,"minecraft:potato":163,"alexscaves:cave_book":1,"minecraft:tuff":293,"minecraft:smooth_sandstone_stairs":9,"minecraft:warped_trapdoor":3,"minecraft:danger_pottery_sherd":3,"minecraft:acacia_boat":6,"minecraft:lapis_lazuli":401,"cataclysm:gauntlet_of_guard":1,"minecraft:dirt":1213,"minecraft:cut_sandstone_slab":3,"mcwwindows:warped_stem_window2":4,"minecraft:name_tag":5,"cataclysm:music_disc_ignis":3,"minecraft:glass":21,"minecraft:bone":808,"minecraft:acacia_planks":11,"minecraft:bow":45,"minecraft:wheat_seeds":46,"aquamirae:wisteria_niveis":2,"minecraft:deepslate_brick_slab":6,"days_in_the_middle_ages:grave_3":3,"minecraft:raw_gold":100,"minecraft:bell":1,"minecraft:grindstone":1,"minecraft:mossy_stone_bricks":31,"minecraft:powered_rail":4,"minecraft:fletching_table":2,"cozy_home:warped_table":17,"alexsmobs:blobfish":72,"minecraft:oak_planks":108,"minecraft:ghast_tear":2,"minecraft:cooked_porkchop":28,"minecraft:music_disc_13":3,"minecraft:polished_blackstone_slab":7,"minecraft:sand":1076,"minecraft:dead_bush":7,"minecraft:grass_block":2,"minecraft:chiseled_sandstone":6,"minecraft:shulker_box":5,"minecraft:diamond":217,"cataclysm:obsidian_explosion_trap_bricks":1,"minecraft:cracked_polished_blackstone_bricks":156,"minecraft:crossbow":26,"minecraft:bone_meal":4,"minecraft:grass":4,"minecraft:golden_apple":35,"cozy_home:oak_sink_counter":1,"minecraft:emerald":323,"cataclysm:sandstone_ignite_trap":41,"minecraft:oak_sapling":5,"minecraft:chorus_fruit":47,"minecraft:netherrack":3335,"minecraft:oak_leaves":1001,"minecraft:end_stone_bricks":2,"minecraft:mud_brick_slab":4,"minecraft:end_stone_brick_stairs":1,"minecraft:azure_bluet":1,"minecraft:splash_potion":1,"handcrafted:witch_trophy":2,"minecraft:chicken":1,"minecraft:ladder":4,"cataclysm:monstrous_eye":4,"minecraft:chest_minecart":1,"minecraft:wooden_pickaxe":3,"minecraft:pink_wool":2,"minecraft:stone_brick_wall":3,"minecraft:gold_block":68,"minecraft:diamond_horse_armor":4,"minecraft:chain":4,"minecraft:shield":29,"farmersdelight:diamond_knife":2,"minecraft:oak_trapdoor":12,"minecraft:iron_axe":26,"minecraft:item_frame":9,"minecraft:quartz_slab":13,"minecraft:warped_fence":4,"minecraft:blackstone":80,"minecraft:candle":5,"minecraft:echo_shard":3,"minecraft:oak_boat":1,"cozy_home:quartz_wall_clock":2,"alexsmobs:elastic_tendon":8,"minecraft:player_head":3,"minecraft:observer":1,"minecraft:lectern":413,"minecraft:sugar_cane":1166,"alexsmobs:skelewag_sword":1,"minecraft:spruce_trapdoor":2,"minecraft:phantom_membrane":2,"minecraft:raw_iron":719,"minecraft:end_stone":95,"minecraft:note_block":3,"minecraft:polished_blackstone_bricks":574,"fantasyfurniture:decorations/bone_skeleton_skull_blossoms":2,"minecraft:cookie":20,"minecraft:trident":4,"handcrafted:vindicator_trophy":1,"minecraft:smooth_sandstone_slab":2,"minecraft:arrow":995,"alexscaves:dark_tatters":56,"minecraft:pumpkin_pie":27,"minecraft:nether_bricks":5,"alexscaves:spelunkery_table":4,"minecraft:saddle":1,"alexscaves:vesper_wing":17,"days_in_the_middle_ages:well_roof_spruce":2,"minecraft:basalt":115,"cozy_home:quartz_storage_counter":1,"minecraft:golden_carrot":8,"minecraft:glow_ink_sac":7,"minecraft:salmon":4,"minecraft:cut_sandstone":7,"minecraft:leather":246,"alexscaves:forsaken_idol":1,"alexsmobs:cachalot_whale_tooth":2,"minecraft:crimson_fungus":1,"minecraft:yellow_glazed_terracotta":19,"minecraft:yellow_bed":4,"minecraft:gunpowder":13,"minecraft:cobblestone_stairs":1,"minecraft:deepslate_tile_slab":40,"alexsmobs:music_disc_thime":1,"minecraft:orange_terracotta":14,"alexsmobs:unsettling_kimono":2,"minecraft:cooked_mutton":54,"minecraft:smooth_sandstone":45,"cataclysm:infernal_forge":4,"minecraft:gray_carpet":2,"cataclysm:music_disc_the_leviathan":2,"alexscaves:thornwood_planks":4,"cataclysm:sandstorm_in_a_bottle":8,"minecraft:iron_ingot":268,"minecraft:cooked_chicken":6,"minecraft:soul_sand":2,"alexsmobs:music_disc_daze":3,"minecraft:book":703,"minecraft:sculk_catalyst":2,"minecraft:warped_fungus":4,"minecraft:pumpkin":6,"minecraft:quartz":2410,"minecraft:dandelion":8,"minecraft:raw_iron_block":2,"minecraft:dripstone_block":2,"minecraft:lava_bucket":4,"cataclysm:desert_eye":26,"minecraft:amethyst_shard":1,"minecraft:soul_torch":15,"minecraft:red_banner":1,"minecraft:blast_furnace":15,"minecraft:white_bed":11,"minecraft:spruce_door":5,"minecraft:spider_eye":8,"usefulbackpacks:backpack_large":5,"minecraft:brick_slab":21,"days_in_the_middle_ages:boat":2,"minecraft:music_disc_mall":3,"minecraft:dried_kelp_block":10,"minecraft:iron_helmet":20,"minecraft:mossy_cobblestone_stairs":2,"minecraft:damaged_anvil":8,"minecraft:coal":1787}},"DataVersion":3465}