{"stats":{"minecraft:killed":{"minecraft:spider":2,"minecraft:skeleton":3,"minecraft:chicken":2,"minecraft:drowned":2,"minecraft:pig":4,"minecraft:sheep":8,"minecraft:zombie":6},"minecraft:custom":{"minecraft:mob_kills":27,"minecraft:interact_with_crafting_table":36,"minecraft:open_barrel":7,"minecraft:leave_game":3,"minecraft:time_since_death":45949,"minecraft:sprint_one_cm":503815,"minecraft:walk_one_cm":359046,"minecraft:damage_blocked_by_shield":705,"minecraft:drop":18,"minecraft:talked_to_villager":1,"minecraft:play_time":159727,"minecraft:deaths":14,"minecraft:sneak_time":13871,"minecraft:walk_under_water_one_cm":41910,"minecraft:jump":4727,"minecraft:interact_with_blast_furnace":4,"minecraft:walk_on_water_one_cm":42596,"minecraft:total_world_time":159727,"minecraft:interact_with_furnace":47,"minecraft:sleep_in_bed":5,"minecraft:time_since_rest":45982,"minecraft:damage_taken":6532,"minecraft:damage_dealt":4038,"minecraft:swim_one_cm":177924,"minecraft:fly_one_cm":826111,"minecraft:open_chest":86,"minecraft:crouch_one_cm":57627,"minecraft:interact_with_smoker":3,"minecraft:fish_caught":3,"minecraft:fall_one_cm":166485,"minecraft:horse_one_cm":9},"minecraft:broken":{"minecraft:stone_axe":1,"minecraft:wooden_axe":1},"minecraft:killed_by":{"minecraft:player":9,"minecraft:creeper":1,"alexscaves:vesper":1,"alexsmobs:orca":1},"minecraft:mined":{"minecraft:deepslate_diamond_ore":1,"minecraft:oak_door":1,"minecraft:cherry_log":15,"minecraft:granite":5,"minecraft:acacia_log":1,"minecraft:grass_block":40,"minecraft:spruce_leaves":10,"minecraft:chiseled_stone_bricks":3,"minecraft:carrots":2,"minecraft:iron_ore":21,"minecraft:andesite":6,"minecraft:deepslate_iron_ore":15,"minecraft:stone":67,"minecraft:smithing_table":1,"minecraft:podzol":1,"minecraft:deepslate_redstone_ore":7,"minecraft:polished_granite":2,"minecraft:crafting_table":4,"minecraft:torch":3,"minecraft:calcite":4,"minecraft:dead_bush":3,"minecraft:tall_grass":9,"minecraft:oak_planks":14,"minecraft:wall_torch":1,"minecraft:amethyst_block":4,"minecraft:pink_petals":3,"minecraft:skeleton_skull":2,"minecraft:birch_planks":4,"minecraft:gray_wool":1,"minecraft:red_candle":1,"days_in_the_middle_ages:fire_pit":1,"minecraft:wheat":70,"minecraft:stone_brick_stairs":1,"minecraft:red_wall_banner":1,"minecraft:grass":9,"minecraft:oak_log":91,"minecraft:coal_ore":38,"minecraft:cherry_leaves":5,"minecraft:gravel":3,"minecraft:dirt":27,"minecraft:cracked_stone_bricks":8,"minecraft:smooth_basalt":2,"minecraft:mossy_stone_bricks":16,"minecraft:oak_leaves":11,"minecraft:deepslate":6},"minecraft:used":{"minecraft:red_sand":1,"minecraft:dried_kelp":3,"minecraft:chest":1,"minecraft:shield":11,"minecraft:iron_sword":33,"minecraft:wooden_shovel":53,"minecraft:oak_door":3,"minecraft:torch":75,"minecraft:dirt":7,"minecraft:carrot":15,"cataclysm:stone_tiles":11,"minecraft:granite":3,"minecraft:wooden_axe":61,"alexsmobs:lobster_tail":1,"minecraft:iron_axe":26,"minecraft:grass_block":4,"minecraft:red_candle":2,"minecraft:iron_boots":2,"minecraft:golden_carrot":6,"minecraft:bow":6,"minecraft:furnace":2,"minecraft:skeleton_skull":1,"minecraft:wheat_seeds":89,"minecraft:mossy_stone_bricks":14,"minecraft:birch_planks":4,"days_in_the_middle_ages:shaft":6,"minecraft:stone_pickaxe":70,"minecraft:oak_planks":157,"farmersdelight:golden_knife":7,"minecraft:wooden_pickaxe":8,"minecraft:mossy_cobblestone":9,"farmersdelight:onion":7,"minecraft:oak_slab":84,"minecraft:crafting_table":7,"minecraft:white_bed":2,"minecraft:cod":3,"minecraft:oak_log":5,"days_in_the_middle_ages:fire_pit":4,"alexscaves:guano":2,"minecraft:diamond_pickaxe":94,"minecraft:chicken":1,"minecraft:bread":18,"minecraft:iron_pickaxe":41,"minecraft:stone_axe":90,"minecraft:pink_petals":9,"minecraft:fishing_rod":5,"minecraft:cobblestone":32,"minecraft:cooked_porkchop":15,"minecraft:pumpkin_pie":4,"minecraft:gray_wool":2},"minecraft:crafted":{"minecraft:oak_door":3,"minecraft:oak_planks":296,"minecraft:furnace":2,"minecraft:iron_axe":1,"minecraft:stone_pickaxe":1,"minecraft:chest":1,"minecraft:oak_slab":84,"minecraft:wooden_shovel":1,"minecraft:cooked_porkchop":19,"minecraft:crafting_table":3,"minecraft:dried_kelp":36,"minecraft:wooden_pickaxe":1,"minecraft:iron_helmet":1,"minecraft:stone_axe":1,"minecraft:bread":23,"minecraft:air":0,"minecraft:diamond_pickaxe":1,"minecraft:shield":2,"minecraft:stick":36,"minecraft:iron_ingot":12,"minecraft:iron_pickaxe":1,"minecraft:wooden_axe":2,"minecraft:white_bed":2,"minecraft:torch":80},"minecraft:dropped":{"cataclysm:music_disc_the_leviathan":1,"minecraft:diamond":1,"alexscaves:burrowing_arrow":2,"minecraft:feather":1,"minecraft:music_disc_strad":1,"minecraft:music_disc_wait":1,"minecraft:rotten_flesh":3,"alexscaves:vesper_wing":1,"minecraft:trident":1,"minecraft:gunpowder":1,"alexscaves:dark_tatters":4,"minecraft:nautilus_shell":1},"minecraft:picked_up":{"minecraft:fishing_rod":1,"minecraft:iron_chestplate":1,"minecraft:music_disc_strad":1,"minecraft:crafting_table":4,"minecraft:wheat":70,"minecraft:chicken":2,"days_in_the_middle_ages:shaft":6,"minecraft:smithing_table":1,"minecraft:wooden_pickaxe":1,"minecraft:stone_brick_stairs":1,"minecraft:string":4,"minecraft:iron_leggings":1,"minecraft:red_candle":2,"minecraft:cracked_stone_bricks":7,"minecraft:red_sand":1,"minecraft:cobbled_deepslate":6,"farmersdelight:straw":1,"minecraft:calcite":2,"minecraft:iron_boots":2,"minecraft:stick":4,"minecraft:raw_iron":50,"minecraft:oak_door":1,"minecraft:torch":4,"minecraft:porkchop":8,"minecraft:cherry_log":16,"cataclysm:music_disc_ancient_remnant":1,"minecraft:trident":1,"minecraft:carrot":15,"minecraft:redstone":34,"alexsmobs:centipede_leg":2,"minecraft:arrow":4,"minecraft:rotten_flesh":12,"alexscaves:dark_tatters":4,"minecraft:pumpkin_pie":7,"alexscaves:vesper_wing":1,"minecraft:music_disc_wait":1,"minecraft:mutton":21,"alexsmobs:lobster_tail":1,"minecraft:cod":3,"minecraft:skeleton_skull":1,"minecraft:white_wool":6,"minecraft:cobblestone":70,"minecraft:nautilus_shell":1,"minecraft:pink_petals":9,"minecraft:feather":1,"minecraft:golden_carrot":6,"minecraft:andesite":5,"minecraft:birch_planks":4,"minecraft:oak_log":90,"minecraft:gunpowder":1,"minecraft:dirt":70,"minecraft:polished_granite":4,"minecraft:name_tag":3,"minecraft:bone":2,"minecraft:bow":2,"alexscaves:guano":2,"cataclysm:music_disc_the_leviathan":1,"minecraft:wheat_seeds":262,"minecraft:raw_gold":12,"minecraft:iron_ingot":13,"minecraft:stone_pickaxe":1,"minecraft:mossy_stone_bricks":29,"minecraft:iron_sword":1,"minecraft:oak_planks":30,"minecraft:smooth_basalt":1,"alexscaves:moth_dust":1,"minecraft:chiseled_stone_bricks":3,"minecraft:gravel":1,"minecraft:red_banner":1,"minecraft:ink_sac":1,"minecraft:spider_eye":2,"cataclysm:stone_tiles":112,"minecraft:diamond":7,"minecraft:stone_axe":1,"days_in_the_middle_ages:fire_pit":4,"minecraft:iron_helmet":1,"minecraft:granite":3,"minecraft:gray_wool":5,"minecraft:oak_sapling":1,"minecraft:coal":38}},"DataVersion":3465}