{"stats":{"minecraft:killed":{"minecraft:spider":13,"minecraft:skeleton":21,"alexsmobs:leafcutter_ant":1,"minecraft:chicken":4,"alexsmobs:capuchin_monkey":4,"alexsmobs:centipede_head":1,"minecraft:skeleton_horse":1,"minecraft:pig":7,"alexsmobs:grizzly_bear":1,"minecraft:zombie_villager":1,"minecraft:salmon":1,"minecraft:iron_golem":1,"minecraft:creeper":2,"minecraft:sheep":14,"minecraft:pillager":4,"minecraft:zombie":36,"alexsmobs:terrapin":1,"alexsmobs:toucan":1,"alexsmobs:fly":1,"alexsmobs:komodo_dragon":1,"minecraft:cow":2,"alexsmobs:bone_serpent":1,"alexsmobs:rattlesnake":1,"minecraft:phantom":1,"alexsmobs:bison":2,"minecraft:drowned":10,"alexsmobs:flying_fish":1,"alexsmobs:crocodile":1,"minecraft:enderman":5},"minecraft:custom":{"minecraft:interact_with_crafting_table":68,"minecraft:open_barrel":2,"minecraft:leave_game":27,"minecraft:time_since_death":114676,"minecraft:sprint_one_cm":2474026,"minecraft:damage_blocked_by_shield":2350,"minecraft:drop":185,"minecraft:play_time":797940,"minecraft:deaths":7,"minecraft:jump":12138,"minecraft:walk_on_water_one_cm":291148,"minecraft:interact_with_furnace":152,"minecraft:play_record":15,"minecraft:sleep_in_bed":7,"minecraft:waystone_activated":3,"minecraft:damage_dealt":24186,"minecraft:player_kills":1,"minecraft:crouch_one_cm":279589,"minecraft:interact_with_smithing_table":1,"minecraft:mob_kills":143,"minecraft:climb_one_cm":24277,"minecraft:walk_one_cm":1388123,"minecraft:sneak_time":91909,"minecraft:walk_under_water_one_cm":187605,"minecraft:boat_one_cm":327146,"minecraft:total_world_time":797940,"minecraft:tune_noteblock":1,"minecraft:interact_with_stonecutter":30,"minecraft:time_since_rest":16921,"minecraft:damage_taken":8492,"minecraft:swim_one_cm":331752,"minecraft:fly_one_cm":2465020,"minecraft:open_chest":153,"minecraft:fall_one_cm":229281},"minecraft:broken":{"minecraft:shield":1,"minecraft:iron_pickaxe":2},"minecraft:killed_by":{"alexsmobs:leafcutter_ant":1,"minecraft:player":2,"minecraft:skeleton":1},"minecraft:mined":{"minecraft:dark_oak_planks":4,"farmersdelight:rich_soil":1,"alexsmobs:leafcutter_anthill":3,"minecraft:jungle_leaves":1,"cataclysm:stone_tiles":9,"minecraft:grass_block":356,"minecraft:granite":6,"minecraft:acacia_log":10,"minecraft:red_sand":4,"minecraft:chiseled_stone_bricks":1,"minecraft:tall_seagrass":3,"minecraft:magma_block":98,"minecraft:glowstone":65,"minecraft:mossy_cobblestone_stairs":1,"minecraft:iron_ore":19,"minecraft:sticky_piston":1,"minecraft:cobbled_deepslate":2,"minecraft:fire":36,"minecraft:target":2,"minecraft:pumpkin":3,"minecraft:deepslate_lapis_ore":3,"minecraft:dark_oak_stairs":2,"minecraft:twisting_vines":2,"minecraft:dirt_path":1,"minecraft:oak_stairs":7,"minecraft:piston_head":1,"minecraft:deepslate_redstone_ore":32,"days_in_the_middle_ages:grave_3":1,"minecraft:red_bed":5,"minecraft:blackstone":1,"farmersdelight:organic_compost":1,"minecraft:kelp_plant":3,"minecraft:twisting_vines_plant":1,"minecraft:orange_terracotta":2,"minecraft:torch":4,"minecraft:light_gray_terracotta":1,"minecraft:melon":33,"minecraft:dead_bush":1,"minecraft:glass":1,"minecraft:nether_quartz_ore":109,"minecraft:cobblestone":42,"minecraft:oak_planks":26,"minecraft:sugar_cane":21,"minecraft:seagrass":1,"minecraft:white_terracotta":1,"minecraft:repeater":1,"minecraft:warped_nylium":18,"days_in_the_middle_ages:boat":1,"minecraft:birch_log":111,"minecraft:wheat":21,"minecraft:jukebox":2,"minecraft:grass":84,"minecraft:oak_log":458,"minecraft:sand":165,"minecraft:dirt":354,"minecraft:dispenser":1,"minecraft:stonecutter":1,"minecraft:netherrack":134,"minecraft:piston":3,"minecraft:oak_leaves":40,"minecraft:deepslate":282,"minecraft:diamond_ore":1,"minecraft:nether_gold_ore":26,"minecraft:tuff":21,"minecraft:mossy_cobblestone":6,"minecraft:deepslate_diamond_ore":46,"minecraft:oak_door":6,"minecraft:dark_oak_log":3,"minecraft:lever":1,"cataclysm:stone_tile_stairs":4,"cataclysm:chiseled_stone_brick_pillar":8,"minecraft:redstone_wire":1,"alexsmobs:leafcutter_ant_chamber":41,"days_in_the_middle_ages:guillotine_top":1,"minecraft:sandstone":12,"minecraft:oxidized_cut_copper":4,"minecraft:redstone_ore":1,"minecraft:furnace":1,"minecraft:carrots":24,"minecraft:andesite":55,"days_in_the_middle_ages:campfire":1,"minecraft:gold_block":1,"minecraft:potatoes":32,"minecraft:deepslate_iron_ore":18,"minecraft:vine":2,"minecraft:stripped_oak_log":1,"minecraft:bamboo":5,"alexscaves:hazmat_skull_block":1,"minecraft:stone":479,"minecraft:oak_slab":2,"minecraft:acacia_leaves":2,"minecraft:crafting_table":3,"minecraft:campfire":2,"minecraft:tall_grass":2,"minecraft:lapis_ore":2,"minecraft:deepslate_gold_ore":22,"minecraft:diorite":1,"minecraft:warped_wart_block":10,"minecraft:birch_planks":2,"minecraft:coarse_dirt":3,"days_in_the_middle_ages:skeleton_1":1,"minecraft:birch_leaves":5,"minecraft:bee_nest":1,"minecraft:coal_ore":55,"minecraft:cocoa":1,"minecraft:gravel":13,"minecraft:cobweb":1,"minecraft:brown_terracotta":1,"minecraft:acacia_planks":1,"minecraft:terracotta":2,"minecraft:stone_bricks":1,"minecraft:mossy_stone_bricks":1,"minecraft:fern":5},"minecraft:used":{"handcrafted:evoker_trophy":2,"minecraft:red_sand":1,"minecraft:iron_shovel":256,"minecraft:chest":8,"minecraft:shield":81,"minecraft:white_terracotta":1,"minecraft:iron_sword":172,"alexsmobs:pocket_sand":66,"minecraft:carrot":63,"cataclysm:stone_tiles":1195,"minecraft:music_disc_13":1,"minecraft:music_disc_relic":2,"minecraft:music_disc_pigstep":3,"minecraft:grass_block":2,"minecraft:stone_bricks":138,"minecraft:bow":4,"minecraft:warped_fungus":1,"minecraft:furnace":7,"minecraft:cooked_cod":3,"minecraft:egg":1,"minecraft:potato":28,"cataclysm:stone_tile_slab":2,"minecraft:dark_oak_stairs":2,"minecraft:mossy_stone_bricks":1,"minecraft:oak_planks":1296,"minecraft:stone_pickaxe":64,"alexsmobs:music_disc_daze":1,"minecraft:wooden_pickaxe":8,"minecraft:diamond_axe":667,"cataclysm:chiseled_stone_brick_pillar":74,"farmersdelight:organic_compost":1,"minecraft:glow_berries":12,"minecraft:sand":1,"minecraft:black_banner":2,"minecraft:crossbow":23,"minecraft:stone_brick_wall":55,"minecraft:note_block":1,"minecraft:melon_slice":167,"minecraft:birch_slab":4,"alexscaves:hazmat_skull_block":1,"minecraft:dark_oak_log":6,"minecraft:bread":6,"minecraft:music_disc_mall":1,"days_in_the_middle_ages:grave_3":1,"minecraft:diamond_sword":343,"minecraft:wooden_sword":11,"cataclysm:music_disc_ignis":1,"alexscaves:music_disc_fusion":2,"minecraft:andesite":9,"minecraft:birch_log":4,"minecraft:chain":14,"cataclysm:music_disc_ender_guardian":2,"minecraft:oak_boat":1,"minecraft:experience_bottle":146,"minecraft:cooked_salmon":4,"minecraft:cooked_chicken":4,"minecraft:oak_door":13,"minecraft:torch":127,"minecraft:dirt":797,"minecraft:twisting_vines":1,"minecraft:mossy_cobblestone_stairs":117,"minecraft:dark_oak_planks":8,"minecraft:wooden_axe":8,"minecraft:oak_stairs":12,"fantasyfurniture:venthyr/floor_light":4,"minecraft:smooth_basalt":1,"minecraft:goat_horn":6,"minecraft:cooked_beef":17,"minecraft:cobbled_deepslate":110,"minecraft:acacia_planks":8,"minecraft:iron_leggings":1,"minecraft:calcite":2,"minecraft:wheat_seeds":24,"minecraft:cooked_mutton":50,"minecraft:water_bucket":6,"minecraft:amethyst_block":4,"farmersdelight:skillet":1,"minecraft:birch_planks":1227,"minecraft:baked_potato":10,"minecraft:birch_boat":2,"minecraft:stonecutter":3,"cataclysm:stone_tile_wall":1,"minecraft:mossy_cobblestone":209,"farmersdelight:onion":17,"minecraft:crafting_table":14,"days_in_the_middle_ages:cell_door":6,"minecraft:oak_slab":6,"minecraft:red_bed":5,"cataclysm:music_disc_the_harbinger":1,"minecraft:cod":1,"cataclysm:stone_tile_stairs":86,"minecraft:oak_log":259,"minecraft:diamond_pickaxe":1128,"minecraft:diamond_shovel":685,"minecraft:iron_pickaxe":504,"days_in_the_middle_ages:boat":1,"minecraft:map":1,"minecraft:chiseled_stone_bricks":1,"minecraft:stone_axe":58,"minecraft:fishing_rod":2,"minecraft:cobblestone":76,"alexsmobs:music_disc_thime":1,"minecraft:cooked_porkchop":9,"fantasyfurniture:venthyr/sofa":1,"minecraft:bucket":6,"minecraft:jukebox":2,"minecraft:birch_stairs":4},"minecraft:crafted":{"minecraft:oak_planks":1184,"minecraft:birch_boat":1,"minecraft:cooked_chicken":4,"minecraft:birch_slab":12,"cataclysm:chiseled_stone_brick_pillar":40,"usefulbackpacks:backpack_small":1,"minecraft:stone":316,"minecraft:diamond_shovel":1,"minecraft:diamond_helmet":1,"minecraft:diamond_leggings":1,"minecraft:iron_boots":1,"minecraft:chest":1,"minecraft:chiseled_stone_bricks":1,"minecraft:stone_bricks":16,"minecraft:oak_slab":12,"days_in_the_middle_ages:grave_3":1,"minecraft:cooked_porkchop":5,"minecraft:diamond_axe":1,"minecraft:crafting_table":12,"minecraft:iron_helmet":1,"minecraft:wooden_pickaxe":2,"minecraft:baked_potato":18,"minecraft:brown_dye":3,"minecraft:birch_planks":144,"minecraft:iron_chestplate":1,"minecraft:diamond_pickaxe":1,"minecraft:shield":1,"cataclysm:stone_tile_stairs":12,"minecraft:stick":44,"usefulbackpacks:backpack_large":1,"minecraft:iron_ingot":28,"minecraft:iron_pickaxe":1,"minecraft:stone_sword":1,"minecraft:gold_ingot":2,"minecraft:birch_stairs":4,"minecraft:wooden_sword":2,"minecraft:stone_brick_wall":9,"minecraft:furnace":6,"minecraft:bone_meal":54,"cataclysm:stone_tiles":1,"days_in_the_middle_ages:boat":1,"minecraft:stone_pickaxe":1,"minecraft:diamond_boots":1,"usefulbackpacks:backpack_medium":1,"minecraft:dark_oak_planks":24,"minecraft:diamond_sword":1,"minecraft:iron_sword":2,"minecraft:bucket":1,"minecraft:stone_axe":1,"minecraft:air":0,"minecraft:oak_boat":2,"minecraft:wooden_axe":2,"minecraft:oak_stairs":12,"minecraft:iron_shovel":1,"minecraft:iron_leggings":1,"minecraft:stonecutter":1,"minecraft:acacia_planks":40,"minecraft:torch":4,"minecraft:diamond_chestplate":1},"minecraft:dropped":{"farmersdelight:iron_knife":1,"minecraft:birch_planks":14,"minecraft:porkchop":3,"minecraft:lapis_lazuli":33,"minecraft:diamond":5,"minecraft:rail":1,"minecraft:birch_slab":8,"minecraft:sentry_armor_trim_smithing_template":3,"cataclysm:music_disc_the_harbinger":1,"minecraft:dirt":187,"minecraft:dispenser":2,"farmersdelight:onion":6,"minecraft:wooden_sword":1,"alexsmobs:cooked_moose_ribs":1,"minecraft:bone_meal":15,"minecraft:sand":96,"minecraft:iron_pickaxe":1,"cataclysm:music_disc_ender_guardian":1,"minecraft:gold_ingot":5,"minecraft:oak_door":1,"minecraft:stone_axe":1,"minecraft:cobbled_deepslate":2,"minecraft:wheat":8,"minecraft:birch_sapling":1,"minecraft:rotten_flesh":13,"minecraft:oak_planks":13,"minecraft:light_gray_carpet":2,"minecraft:cooked_mutton":1,"minecraft:chiseled_stone_bricks":2,"minecraft:dune_armor_trim_smithing_template":4,"minecraft:melon_seeds":1,"minecraft:stone_brick_wall":1,"alexsmobs:guster_eye":1,"minecraft:chest":1,"minecraft:arrow":9,"farmersdelight:tomato_seeds":1,"minecraft:enchanted_book":8,"minecraft:bread":1,"minecraft:oak_slab":2,"minecraft:wheat_seeds":1,"farmersdelight:skillet":1,"minecraft:oxidized_cut_copper":4,"minecraft:poisonous_potato":2,"minecraft:feather":9,"minecraft:cobblestone":70,"minecraft:book":8,"alexsmobs:rattlesnake_rattle":1,"minecraft:granite":8,"days_in_the_middle_ages:boat":1,"minecraft:activator_rail":1,"minecraft:grass_block":1,"minecraft:stick":2,"minecraft:torch":7,"minecraft:wooden_axe":2,"minecraft:iron_leggings":1,"minecraft:mossy_cobblestone_stairs":1,"minecraft:iron_shovel":2,"minecraft:string":8,"minecraft:bucket":1,"farmersdelight:rich_soil":1,"minecraft:music_disc_cat":1,"minecraft:dandelion":2,"minecraft:redstone":4,"minecraft:kelp":17,"minecraft:brown_dye":6,"minecraft:stone_sword":2,"minecraft:wild_armor_trim_smithing_template":2,"minecraft:raw_iron":12,"minecraft:chicken":1,"minecraft:stripped_oak_log":2,"minecraft:name_tag":1,"cataclysm:stone_tiles":56,"minecraft:target":2,"minecraft:filled_map":3,"minecraft:stone":64,"alexsmobs:pocket_sand":1,"minecraft:andesite":42,"minecraft:oak_sapling":9,"minecraft:bamboo":37,"minecraft:spider_eye":1,"minecraft:birch_boat":1,"minecraft:sandstone":9,"minecraft:bow":1,"minecraft:stone_pickaxe":1,"minecraft:wooden_pickaxe":1,"minecraft:raw_gold":14,"minecraft:magma_cream":2},"minecraft:picked_up":{"minecraft:wooden_axe":1,"minecraft:iron_chestplate":1,"minecraft:wheat":25,"days_in_the_middle_ages:shaft":3,"minecraft:diamond_sword":3,"alexscaves:cave_tablet":2,"minecraft:oak_stairs":8,"minecraft:enchanted_book":4,"minecraft:amethyst_block":4,"alexscaves:music_disc_fusion":3,"minecraft:music_disc_cat":1,"minecraft:string":19,"alexsmobs:ancient_dart":2,"minecraft:cooked_salmon":4,"minecraft:iron_leggings":2,"minecraft:sticky_piston":6,"minecraft:experience_bottle":144,"minecraft:diamond_leggings":3,"minecraft:red_sand":1,"minecraft:gold_nugget":138,"minecraft:cobbled_deepslate":485,"alexsmobs:cooked_moose_ribs":2,"minecraft:calcite":2,"minecraft:iron_pickaxe":2,"minecraft:melon_slice":173,"minecraft:iron_boots":1,"alexsmobs:leafcutter_ant_chamber":59,"minecraft:furnace":1,"minecraft:stick":8,"minecraft:torch":12,"cataclysm:chiseled_stone_brick_pillar":7,"minecraft:acacia_log":10,"days_in_the_middle_ages:skeleton_1":1,"minecraft:porkchop":26,"minecraft:target":2,"minecraft:diorite":1,"minecraft:music_disc_pigstep":4,"minecraft:goat_horn":1,"minecraft:stone_sword":1,"minecraft:rotten_flesh":32,"farmersdelight:onion":17,"alexsdelight:raw_bison":7,"minecraft:white_terracotta":1,"minecraft:cod":1,"alexsmobs:flying_fish":1,"minecraft:cobblestone":581,"minecraft:nautilus_shell":1,"minecraft:birch_log":109,"minecraft:magma_block":91,"cataclysm:music_disc_the_harbinger":3,"minecraft:feather":12,"minecraft:cooked_beef":3,"minecraft:birch_slab":2,"minecraft:water_bucket":1,"minecraft:andesite":53,"minecraft:potato":88,"alexsmobs:bison_fur":2,"minecraft:flint":1,"minecraft:tuff":21,"minecraft:lapis_lazuli":33,"minecraft:dirt":665,"minecraft:twisting_vines":1,"cataclysm:music_disc_ignis":1,"minecraft:bone":42,"farmersdelight:iron_knife":1,"minecraft:bow":3,"minecraft:stonecutter":1,"minecraft:wheat_seeds":71,"minecraft:raw_gold":33,"minecraft:mossy_stone_bricks":1,"minecraft:diamond_helmet":3,"minecraft:glowstone_dust":187,"minecraft:bamboo":111,"minecraft:powered_rail":4,"minecraft:oak_planks":39,"minecraft:cooked_porkchop":4,"minecraft:music_disc_13":1,"minecraft:warped_wart_block":9,"minecraft:poisonous_potato":2,"alexsmobs:crocodile_egg":2,"minecraft:sand":161,"minecraft:mossy_cobblestone":5,"cataclysm:stone_tiles":8,"minecraft:dispenser":2,"minecraft:diamond":53,"alexscaves:hazmat_skull_block":1,"alexsmobs:rattlesnake_rattle":2,"minecraft:crossbow":1,"minecraft:granite":15,"minecraft:bone_meal":11,"minecraft:golden_horse_armor":1,"minecraft:emerald":8,"alexsmobs:maggot":2,"minecraft:oak_sapling":13,"minecraft:light_gray_carpet":2,"minecraft:netherrack":177,"minecraft:diamond_pickaxe":3,"minecraft:coarse_dirt":2,"minecraft:cocoa_beans":3,"minecraft:crafting_table":4,"minecraft:chicken":6,"cataclysm:stone_tile_stairs":4,"minecraft:stone_brick_wall":1,"minecraft:diamond_horse_armor":1,"minecraft:shield":2,"minecraft:red_bed":6,"minecraft:iron_shovel":3,"minecraft:blackstone":5,"minecraft:beef":3,"minecraft:sugar_cane":74,"minecraft:chest":1,"minecraft:birch_sapling":2,"minecraft:piston":6,"minecraft:egg":1,"alexsmobs:pocket_sand":1,"minecraft:raw_iron":37,"minecraft:sandstone":20,"minecraft:stone":64,"minecraft:oak_door":11,"minecraft:music_disc_relic":2,"minecraft:carrot":75,"minecraft:redstone":152,"alexsmobs:leafcutter_ant_pupa":3,"minecraft:brown_dye":6,"minecraft:dark_oak_planks":2,"minecraft:arrow":51,"minecraft:diamond_chestplate":3,"minecraft:cooked_cod":3,"minecraft:pumpkin_pie":3,"minecraft:diamond_boots":3,"minecraft:gold_ingot":4,"minecraft:glow_berries":9,"minecraft:mutton":47,"minecraft:rail":10,"minecraft:white_wool":9,"minecraft:stripped_oak_log":2,"farmersdelight:rich_soil":1,"minecraft:tripwire_hook":2,"minecraft:leather":9,"minecraft:filled_map":2,"minecraft:birch_planks":5,"minecraft:oak_log":460,"minecraft:gunpowder":2,"farmersdelight:skillet":1,"minecraft:white_banner":4,"alexsmobs:music_disc_thime":1,"farmersdelight:organic_compost":2,"minecraft:cooked_mutton":54,"cataclysm:music_disc_ender_guardian":1,"minecraft:kelp":17,"minecraft:wild_armor_trim_smithing_template":4,"minecraft:heart_of_the_sea":1,"minecraft:iron_ingot":27,"cozy_home:dark_oak_grandfather_clock":1,"days_in_the_middle_ages:guillotine_top":1,"minecraft:iron_sword":2,"minecraft:oxidized_cut_copper":4,"alexsmobs:music_disc_daze":1,"minecraft:dark_oak_stairs":2,"minecraft:book":12,"minecraft:oak_slab":4,"minecraft:smooth_basalt":1,"minecraft:warped_fungus":1,"minecraft:birch_boat":4,"minecraft:pumpkin":2,"minecraft:chiseled_stone_bricks":2,"minecraft:quartz":222,"minecraft:dandelion":1,"minecraft:gravel":11,"minecraft:spider_eye":5,"usefulbackpacks:backpack_large":2,"days_in_the_middle_ages:boat":1,"minecraft:music_disc_mall":1,"minecraft:diamond_shovel":2,"minecraft:iron_helmet":1,"minecraft:mossy_cobblestone_stairs":1,"minecraft:gray_wool":2,"minecraft:warped_roots":1,"minecraft:melon_seeds":2,"minecraft:black_wool":2,"minecraft:warped_nylium":2,"minecraft:coal":96,"minecraft:ender_pearl":1}},"DataVersion":3465}